algo,feat_set,pa_method,rep,fold,k_effective,auc_roc,pr_auc,tss,tss_thr,thr_source,sensitivity,specificity,brier,cal_slope,cal_int,n_pres,n_bg,n_feat_vif,selected,pa_ratio,n_pa_actual,n_pres_tr,n_pres_dropped,n_eval_bg,inner_threshold,hp_str
RF,M_S,random,1,1,3,0.7396153846153847,0.38509052002651184,0.2257692307489918,0.5538,inner_oof,0.2308,0.995,0.07622947390838226,1.6045,-1.8442,13,400,4,"bio04,bio10,bio15,bio17",1:5,125,25,0,400,0.5538,"{""n_estimators"": 300, ""min_samples_leaf"": 5, ""max_features"": 0.7, ""max_depth"": 5}"
RF,M_S,spatial_constrained,1,1,3,0.6147115384615384,0.3516824080045759,0.28769230766618903,0.2775,inner_oof,0.3077,0.98,0.03953348915318751,-0.014,-3.463,13,400,4,"bio04,bio10,bio15,bio17",1:5,125,25,0,400,0.2775,"{""n_estimators"": 200, ""min_samples_leaf"": 2, ""max_features"": ""sqrt"", ""max_depth"": 20}"
RF,M_S,two_step,1,1,3,0.859423076923077,0.3305479633840302,0.3026923076661516,0.89,inner_oof,0.3077,0.995,0.20011162227602902,1.0669,-3.7288,13,400,4,"bio04,bio10,bio15,bio17",1:1,25,25,0,400,0.89,"{""n_estimators"": 100, ""min_samples_leaf"": 1, ""max_features"": 0.7, ""max_depth"": 20}"
RF,M_S,uncertainty_zone,1,1,3,0.76625,0.41349041786285406,0.3026923076661516,0.2095,inner_oof,0.3077,0.995,0.02362798234638668,0.2273,-1.8186,13,400,4,"bio04,bio10,bio15,bio17",1:10,250,25,0,400,0.2095,"{""n_estimators"": 300, ""min_samples_leaf"": 2, ""max_features"": 0.5, ""max_depth"": 10}"
RF,M_SA,random,1,1,3,0.7388461538461539,0.14865797767054587,0.2573076922530255,0.4063,inner_oof,0.6923,0.565,0.17931041231833164,0.6359,-3.1944,13,400,6,"bio04,bio10,bio15,bio17,A1_dist_waterway,A2_waterway_order",1:10,250,25,0,400,0.4063,"{""n_estimators"": 300, ""min_samples_leaf"": 2, ""max_features"": 0.5, ""max_depth"": 10}"
RF,M_SA,spatial_constrained,1,1,3,0.8146153846153845,0.29745743269420244,0.38538461533535306,0.2252,inner_oof,0.6154,0.77,0.03976423152742623,0.9876,-1.5259,13,400,6,"bio04,bio10,bio15,bio17,A1_dist_waterway,A2_waterway_order",1:10,250,25,0,400,0.2252,"{""n_estimators"": 300, ""min_samples_leaf"": 2, ""max_features"": 0.5, ""max_depth"": 10}"
RF,M_SA,two_step,1,1,3,0.7259615384615385,0.20193387900372706,0.39807692300472963,0.3223,inner_oof,0.9231,0.475,0.24658903818180486,0.7971,-3.6068,13,400,6,"bio04,bio10,bio15,bio17,A1_dist_waterway,A2_waterway_order",1:10,250,25,0,400,0.3223,"{""n_estimators"": 300, ""min_samples_leaf"": 2, ""max_features"": 0.5, ""max_depth"": 10}"
RF,M_SA,uncertainty_zone,1,1,3,0.8390384615384616,0.4690339722544046,0.3026923076661516,0.2342,inner_oof,0.3077,0.995,0.02327861486179581,0.5311,-1.0293,13,400,6,"bio04,bio10,bio15,bio17,A1_dist_waterway,A2_waterway_order",1:10,250,25,0,400,0.2342,"{""n_estimators"": 300, ""min_samples_leaf"": 2, ""max_features"": 0.5, ""max_depth"": 10}"
RF,M_SP,random,1,1,3,0.6735576923076922,0.05348736468867557,0.15999999992267688,0.2204,inner_oof,1.0,0.16,0.2869185278260988,0.6356,-3.5484,13,400,8,"bio04,bio10,bio15,bio17,P1_pop_density,P2_dist_road,P3_road_density,P4_dist_urban",1:10,250,25,0,400,0.2204,"{""n_estimators"": 300, ""min_samples_leaf"": 1, ""max_features"": 0.5, ""max_depth"": 5}"
RF,M_SP,spatial_constrained,1,1,3,0.8486538461538462,0.272315822828265,0.571153846086945,0.3364,inner_oof,0.8462,0.725,0.0899525344904904,1.651,-2.3325,13,400,8,"bio04,bio10,bio15,bio17,P1_pop_density,P2_dist_road,P3_road_density,P4_dist_urban",1:5,125,25,0,400,0.3364,"{""n_estimators"": 200, ""min_samples_leaf"": 2, ""max_features"": ""sqrt"", ""max_depth"": 20}"
RF,M_SP,two_step,1,1,3,0.8054807692307692,0.19738648514994311,0.3384615384181182,0.7667,inner_oof,0.5385,0.8,0.3181846257932034,1.2667,-4.4173,13,400,8,"bio04,bio10,bio15,bio17,P1_pop_density,P2_dist_road,P3_road_density,P4_dist_urban",1:10,250,25,0,400,0.7667,"{""n_estimators"": 300, ""min_samples_leaf"": 1, ""max_features"": 0.5, ""max_depth"": 5}"
RF,M_SP,uncertainty_zone,1,1,3,0.8975961538461538,0.21970610990897457,0.4334615384178808,0.3221,inner_oof,0.5385,0.895,0.05521779082366902,1.887,-1.3506,13,400,8,"bio04,bio10,bio15,bio17,P1_pop_density,P2_dist_road,P3_road_density,P4_dist_urban",1:1,25,25,0,400,0.3221,"{""n_estimators"": 200, ""min_samples_leaf"": 5, ""max_features"": 0.5, ""max_depth"": null}"
RF,M_SAP,random,1,1,3,0.7482692307692308,0.16137767388254814,0.031153846088294967,0.3026,inner_oof,0.8462,0.185,0.18839685692811783,1.1831,-3.3115,13,400,9,"bio04,bio10,bio15,bio17,A1_dist_waterway,A2_waterway_order,P1_pop_density,P3_road_density,P4_dist_urban",1:10,250,25,0,400,0.3026,"{""n_estimators"": 300, ""min_samples_leaf"": 2, ""max_features"": 0.5, ""max_depth"": 10}"
RF,M_SAP,spatial_constrained,1,1,3,0.85,0.18645943826652275,0.5111538460870948,0.19,inner_oof,0.8462,0.665,0.07029709084110584,0.9582,-2.2125,13,400,9,"bio04,bio10,bio15,bio17,A1_dist_waterway,A2_waterway_order,P1_pop_density,P3_road_density,P4_dist_urban",1:10,250,25,0,400,0.19,"{""n_estimators"": 300, ""min_samples_leaf"": 1, ""max_features"": 0.5, ""max_depth"": 5}"
RF,M_SAP,two_step,1,1,3,0.8313461538461538,0.24001009309343943,0.3967307691700288,0.499,inner_oof,0.7692,0.6275,0.23711704369039213,0.9693,-3.8965,13,400,9,"bio04,bio10,bio15,bio17,A1_dist_waterway,A2_waterway_order,P1_pop_density,P3_road_density,P4_dist_urban",1:10,250,25,0,400,0.499,"{""n_estimators"": 300, ""min_samples_leaf"": 2, ""max_features"": 0.5, ""max_depth"": 10}"
RF,M_SAP,uncertainty_zone,1,1,3,0.904423076923077,0.17987198388737113,0.7305769230038983,0.1369,inner_oof,0.9231,0.8075,0.03524599241322223,1.1703,-1.0169,13,400,9,"bio04,bio10,bio15,bio17,A1_dist_waterway,A2_waterway_order,P1_pop_density,P3_road_density,P4_dist_urban",1:10,250,25,0,400,0.1369,"{""n_estimators"": 300, ""min_samples_leaf"": 2, ""max_features"": 0.5, ""max_depth"": 10}"
XGB,M_S,random,1,1,3,0.6613461538461537,0.3433190104217047,0.43903846150051495,0.5727,inner_oof,0.4615,0.9775,0.07120031118392944,0.7525,-2.7596,13,400,4,"bio04,bio10,bio15,bio17",1:5,125,25,0,400,0.5727,"{""subsample"": 0.7, ""n_estimators"": 300, ""min_child_weight"": 1, ""max_depth"": 5, ""learning_rate"": 0.1, ""colsample_bytree"": 0.6}"
XGB,M_S,spatial_constrained,1,1,3,0.623653846153846,0.3286303100730597,0.22326923074899807,0.5675,inner_oof,0.2308,0.9925,0.02798296883702278,0.5108,-1.6819,13,400,4,"bio04,bio10,bio15,bio17",1:5,125,25,0,400,0.5675,"{""subsample"": 1.0, ""n_estimators"": 300, ""min_child_weight"": 1, ""max_depth"": 3, ""learning_rate"": 0.05, ""colsample_bytree"": 0.8}"
XGB,M_S,two_step,1,1,3,0.6749038461538461,0.3123770610792261,0.436538461500521,0.7242,inner_oof,0.4615,0.975,0.05603491887450218,0.6372,-2.8089,13,400,4,"bio04,bio10,bio15,bio17",1:5,125,25,0,400,0.7242,"{""subsample"": 1.0, ""n_estimators"": 300, ""min_child_weight"": 1, ""max_depth"": 7, ""learning_rate"": 0.2, ""colsample_bytree"": 0.6}"
XGB,M_S,uncertainty_zone,1,1,3,0.5669230769230769,0.3002893582503393,0.22826923074898553,0.557,inner_oof,0.2308,0.9975,0.025107653811573982,0.7676,-0.7452,13,400,4,"bio04,bio10,bio15,bio17",1:10,250,25,0,400,0.557,"{""subsample"": 0.9, ""n_estimators"": 200, ""min_child_weight"": 5, ""max_depth"": 3, ""learning_rate"": 0.05, ""colsample_bytree"": 1.0}"
XGB,M_SA,random,1,1,3,0.8244230769230769,0.31121265400580334,0.22076923074900434,0.8461,inner_oof,0.2308,0.99,0.0705948993563652,0.9078,-2.3793,13,400,6,"bio04,bio10,bio15,bio17,A1_dist_waterway,A2_waterway_order",1:10,250,25,0,400,0.8461,"{""subsample"": 1.0, ""n_estimators"": 300, ""min_child_weight"": 5, ""max_depth"": 7, ""learning_rate"": 0.05, ""colsample_bytree"": 0.8}"
XGB,M_SA,spatial_constrained,1,1,3,0.7624038461538462,0.2256363894389184,0.3878846153353468,0.2791,inner_oof,0.6154,0.7725,0.06793635338544846,0.4718,-2.3586,13,400,6,"bio04,bio10,bio15,bio17,A1_dist_waterway,A2_waterway_order",1:5,125,25,0,400,0.2791,"{""subsample"": 0.7, ""n_estimators"": 300, ""min_child_weight"": 1, ""max_depth"": 5, ""learning_rate"": 0.1, ""colsample_bytree"": 0.6}"
XGB,M_SA,two_step,1,1,3,0.8346153846153846,0.2741666959426676,0.43903846150051495,0.8213,inner_oof,0.4615,0.9775,0.25635284185409546,1.1796,-4.2736,13,400,6,"bio04,bio10,bio15,bio17,A1_dist_waterway,A2_waterway_order",1:10,250,25,0,400,0.8213,"{""subsample"": 1.0, ""n_estimators"": 300, ""min_child_weight"": 5, ""max_depth"": 7, ""learning_rate"": 0.05, ""colsample_bytree"": 0.8}"
XGB,M_SA,uncertainty_zone,1,1,3,0.7928846153846153,0.46682488250834436,0.15384615383181943,0.8841,inner_oof,0.1538,1.0,0.024575065821409225,1.2021,-0.2568,13,400,6,"bio04,bio10,bio15,bio17,A1_dist_waterway,A2_waterway_order",1:10,250,25,0,400,0.8841,"{""subsample"": 0.9, ""n_estimators"": 200, ""min_child_weight"": 5, ""max_depth"": 3, ""learning_rate"": 0.05, ""colsample_bytree"": 1.0}"
XGB,M_SP,random,1,1,3,0.8142307692307692,0.16895354520110406,0.33980769225281904,0.44,inner_oof,0.6923,0.6475,0.26181647181510925,0.3325,-3.4005,13,400,8,"bio04,bio10,bio15,bio17,P1_pop_density,P2_dist_road,P3_road_density,P4_dist_urban",1:10,250,25,0,400,0.44,"{""subsample"": 0.9, ""n_estimators"": 200, ""min_child_weight"": 5, ""max_depth"": 3, ""learning_rate"": 0.05, ""colsample_bytree"": 1.0}"
XGB,M_SP,spatial_constrained,1,1,3,0.8314423076923078,0.20991736455388435,0.36788461533539696,0.3916,inner_oof,0.6154,0.7525,0.16628974676132202,0.3657,-3.2796,13,400,8,"bio04,bio10,bio15,bio17,P1_pop_density,P2_dist_road,P3_road_density,P4_dist_urban",1:5,125,25,0,400,0.3916,"{""subsample"": 0.7, ""n_estimators"": 300, ""min_child_weight"": 1, ""max_depth"": 5, ""learning_rate"": 0.1, ""colsample_bytree"": 0.6}"
XGB,M_SP,two_step,1,1,3,0.8118269230769231,0.16255356850796285,0.34730769225280045,0.8479,inner_oof,0.6923,0.655,0.3191775977611542,0.2784,-3.5967,13,400,8,"bio04,bio10,bio15,bio17,P1_pop_density,P2_dist_road,P3_road_density,P4_dist_urban",1:10,250,25,0,400,0.8479,"{""subsample"": 0.9, ""n_estimators"": 200, ""min_child_weight"": 5, ""max_depth"": 3, ""learning_rate"": 0.05, ""colsample_bytree"": 1.0}"
XGB,M_SP,uncertainty_zone,1,1,3,0.8841346153846155,0.29724511085251604,0.31711538458346755,0.2501,inner_oof,0.3846,0.9325,0.043315112590789795,0.6059,-1.8346,13,400,8,"bio04,bio10,bio15,bio17,P1_pop_density,P2_dist_road,P3_road_density,P4_dist_urban",1:3,75,25,0,400,0.2501,"{""subsample"": 0.9, ""n_estimators"": 100, ""min_child_weight"": 1, ""max_depth"": 3, ""learning_rate"": 0.2, ""colsample_bytree"": 0.6}"
XGB,M_SAP,random,1,1,3,0.8054807692307693,0.2001669170116223,0.36980769225274424,0.3519,inner_oof,0.6923,0.6775,0.23181846737861633,0.4139,-3.3705,13,400,9,"bio04,bio10,bio15,bio17,A1_dist_waterway,A2_waterway_order,P1_pop_density,P3_road_density,P4_dist_urban",1:10,250,25,0,400,0.3519,"{""subsample"": 1.0, ""n_estimators"": 300, ""min_child_weight"": 5, ""max_depth"": 7, ""learning_rate"": 0.05, ""colsample_bytree"": 0.8}"
XGB,M_SAP,spatial_constrained,1,1,3,0.8201923076923076,0.18554734199781264,0.36788461533539696,0.3672,inner_oof,0.6154,0.7525,0.15588417649269104,0.3548,-3.1307,13,400,9,"bio04,bio10,bio15,bio17,A1_dist_waterway,A2_waterway_order,P1_pop_density,P3_road_density,P4_dist_urban",1:5,125,25,0,400,0.3672,"{""subsample"": 0.7, ""n_estimators"": 300, ""min_child_weight"": 1, ""max_depth"": 5, ""learning_rate"": 0.1, ""colsample_bytree"": 0.6}"
XGB,M_SAP,two_step,1,1,3,0.7990384615384616,0.18068073472380697,0.33980769225281904,0.6283,inner_oof,0.6923,0.6475,0.30452200770378113,0.3402,-3.609,13,400,9,"bio04,bio10,bio15,bio17,A1_dist_waterway,A2_waterway_order,P1_pop_density,P3_road_density,P4_dist_urban",1:10,250,25,0,400,0.6283,"{""subsample"": 1.0, ""n_estimators"": 300, ""min_child_weight"": 5, ""max_depth"": 7, ""learning_rate"": 0.05, ""colsample_bytree"": 0.8}"
XGB,M_SAP,uncertainty_zone,1,1,3,0.886923076923077,0.25194160621622286,0.5503846153349405,0.2485,inner_oof,0.6154,0.935,0.04307786747813225,0.7448,-1.8915,13,400,9,"bio04,bio10,bio15,bio17,A1_dist_waterway,A2_waterway_order,P1_pop_density,P3_road_density,P4_dist_urban",1:10,250,25,0,400,0.2485,"{""subsample"": 0.9, ""n_estimators"": 200, ""min_child_weight"": 5, ""max_depth"": 3, ""learning_rate"": 0.05, ""colsample_bytree"": 1.0}"
MXN,M_S,random,1,1,3,0.7269230769230769,0.162113393017219,0.022499999923020653,0.546,inner_oof,1.0,0.0225,0.7979449022885755,1.3393,-7.3533,13,400,4,"bio04,bio10,bio15,bio17",1:1,25,25,0,400,0.546,"{""l1_ratio"": 0.0, ""C"": 5.0}"
MXN,M_S,spatial_constrained,1,1,3,0.7201923076923077,0.13390642136763029,0.18826923074908564,0.7194,inner_oof,0.2308,0.9575,0.09885387389604788,0.313,-2.7662,13,400,4,"bio04,bio10,bio15,bio17",1:3,75,25,0,400,0.7194,"{""l1_ratio"": 0.75, ""C"": 1.0}"
MXN,M_S,two_step,1,1,3,0.6757692307692308,0.06992941332098396,0.3028846153355593,0.8037,inner_oof,0.6154,0.6875,0.386855189835918,0.2119,-3.5175,13,400,4,"bio04,bio10,bio15,bio17",1:1,25,25,0,400,0.8037,"{""l1_ratio"": 0.0, ""C"": 5.0}"
MXN,M_S,uncertainty_zone,1,1,3,0.7955769230769231,0.3238507738767894,0.30538461533555306,0.1549,inner_oof,0.6154,0.69,0.04227824598013007,1.8178,-0.6318,13,400,4,"bio04,bio10,bio15,bio17",1:3,75,25,0,400,0.1549,"{""l1_ratio"": 0.25, ""C"": 0.1}"
MXN,M_SA,random,1,1,3,0.3894230769230769,0.02610969973016378,0.18749999992260813,0.6257,inner_oof,1.0,0.1875,0.786664105760169,0.0234,-3.6522,13,400,6,"bio04,bio10,bio15,bio17,A1_dist_waterway,A2_waterway_order",1:1,25,25,0,400,0.6257,"{""l1_ratio"": 0.0, ""C"": 5.0}"
MXN,M_SA,spatial_constrained,1,1,3,0.8115384615384615,0.14622385349350706,0.3986538460873761,0.5522,inner_oof,0.8462,0.5525,0.29241171884098205,0.8245,-3.8761,13,400,6,"bio04,bio10,bio15,bio17,A1_dist_waterway,A2_waterway_order",1:3,75,25,0,400,0.5522,"{""l1_ratio"": 0.75, ""C"": 1.0}"
MXN,M_SA,two_step,1,1,3,0.7144230769230769,0.06394536247187194,0.289807692252944,0.6382,inner_oof,0.6923,0.5975,0.31263908255488226,1.1157,-3.9657,13,400,6,"bio04,bio10,bio15,bio17,A1_dist_waterway,A2_waterway_order",1:1,25,25,0,400,0.6382,"{""l1_ratio"": 0.25, ""C"": 0.05}"
MXN,M_SA,uncertainty_zone,1,1,3,0.7748076923076923,0.5874112316191411,-2.5000002068509275e-12,0.53,inner_oof,0.0,1.0,0.08624664762910453,5.3336,0.4962,13,400,6,"bio04,bio10,bio15,bio17,A1_dist_waterway,A2_waterway_order",1:1,25,25,0,400,0.53,"{""l1_ratio"": 0.25, ""C"": 0.05}"
MXN,M_SP,random,1,1,3,0.5325,0.036522842882119835,0.18307692300526712,0.742,inner_oof,0.9231,0.26,0.68931914355755,0.1065,-3.6574,13,400,8,"bio04,bio10,bio15,bio17,P1_pop_density,P2_dist_road,P3_road_density,P4_dist_urban",1:3,75,25,0,400,0.742,"{""l1_ratio"": 0.75, ""C"": 1.0}"
MXN,M_SP,spatial_constrained,1,1,3,0.7346153846153847,0.06326335005309519,0.3230769230049171,0.5398,inner_oof,0.9231,0.4,0.34071460424757505,0.8331,-3.9207,13,400,8,"bio04,bio10,bio15,bio17,P1_pop_density,P2_dist_road,P3_road_density,P4_dist_urban",1:3,75,25,0,400,0.5398,"{""l1_ratio"": 0.25, ""C"": 0.1}"
MXN,M_SP,two_step,1,1,3,0.7253846153846154,0.06076693754246234,0.3880769230047547,0.8739,inner_oof,0.9231,0.465,0.5801999590981393,0.3652,-4.256,13,400,8,"bio04,bio10,bio15,bio17,P1_pop_density,P2_dist_road,P3_road_density,P4_dist_urban",1:3,75,25,0,400,0.8739,"{""l1_ratio"": 0.75, ""C"": 1.0}"
MXN,M_SP,uncertainty_zone,1,1,3,0.7732692307692308,0.07799199297981253,0.5636538460869636,0.3764,inner_oof,0.8462,0.7175,0.22847471790545767,0.1206,-3.3354,13,400,8,"bio04,bio10,bio15,bio17,P1_pop_density,P2_dist_road,P3_road_density,P4_dist_urban",1:1,25,25,0,400,0.3764,"{""l1_ratio"": 0.0, ""C"": 5.0}"
MXN,M_SAP,random,1,1,3,0.7251923076923077,0.06312169049679142,0.21346153841843085,0.8911,inner_oof,0.5385,0.675,0.4382022389278153,0.3513,-3.8395,13,400,9,"bio04,bio10,bio15,bio17,A1_dist_waterway,A2_waterway_order,P1_pop_density,P3_road_density,P4_dist_urban",1:3,75,25,0,400,0.8911,"{""l1_ratio"": 0.75, ""C"": 1.0}"
MXN,M_SAP,spatial_constrained,1,1,3,0.7301923076923077,0.06464940537092229,0.289807692252944,0.6365,inner_oof,0.6923,0.5975,0.32137584038343103,0.4478,-3.588,13,400,9,"bio04,bio10,bio15,bio17,A1_dist_waterway,A2_waterway_order,P1_pop_density,P3_road_density,P4_dist_urban",1:5,125,25,0,400,0.6365,"{""l1_ratio"": 0.25, ""C"": 0.1}"
MXN,M_SAP,two_step,1,1,3,0.7944230769230769,0.1019865206390634,0.4428846153352093,0.8986,inner_oof,0.6154,0.8275,0.3368973943676773,0.4744,-3.768,13,400,9,"bio04,bio10,bio15,bio17,A1_dist_waterway,A2_waterway_order,P1_pop_density,P3_road_density,P4_dist_urban",1:3,75,25,0,400,0.8986,"{""l1_ratio"": 0.75, ""C"": 1.0}"
MXN,M_SAP,uncertainty_zone,1,1,3,0.8421153846153846,0.1499321439077915,-7.692313452878352e-11,0.4098,inner_oof,1.0,0.0,0.2374912743292274,25.9802,-2.0906,13,400,9,"bio04,bio10,bio15,bio17,A1_dist_waterway,A2_waterway_order,P1_pop_density,P3_road_density,P4_dist_urban",1:1,25,25,0,400,0.4098,"{""l1_ratio"": 0.25, ""C"": 0.05}"
RF,M_S,random,1,2,3,0.8891346153846154,0.2497476652709545,0.646730769169404,0.5368,inner_oof,0.7692,0.8775,0.15864793387681048,0.9337,-3.7334,13,400,6,"bio07,bio10,bio12,bio15,bio17,elevation",1:1,25,25,0,400,0.5368,"{""n_estimators"": 200, ""min_samples_leaf"": 5, ""max_features"": 0.5, ""max_depth"": 20}"
RF,M_S,spatial_constrained,1,2,3,0.9289423076923078,0.44823490166183133,0.5453846153349531,0.6033,inner_oof,0.6154,0.93,0.07494492954230844,1.458,-2.5261,13,400,6,"bio07,bio10,bio12,bio15,bio17,elevation",1:3,75,25,0,400,0.6033,"{""n_estimators"": 100, ""min_samples_leaf"": 10, ""max_features"": 0.5, ""max_depth"": 10}"
RF,M_S,two_step,1,2,3,0.9275961538461539,0.2057698715890327,0.5503846153349405,0.7465,inner_oof,0.6154,0.935,0.1230113944274239,0.2438,-3.3276,13,400,6,"bio07,bio10,bio12,bio15,bio17,elevation",1:3,75,25,0,400,0.7465,"{""n_estimators"": 100, ""min_samples_leaf"": 2, ""max_features"": 0.7, ""max_depth"": 5}"
RF,M_S,uncertainty_zone,1,2,3,0.8429807692307693,0.23496634596789412,0.6086538460868511,0.4823,inner_oof,0.8462,0.7625,0.20399448270538859,1.7012,-3.5019,13,400,6,"bio07,bio10,bio12,bio15,bio17,elevation",1:1,25,25,0,400,0.4823,"{""n_estimators"": 200, ""min_samples_leaf"": 5, ""max_features"": 0.5, ""max_depth"": 20}"
RF,M_SA,random,1,2,3,0.9199038461538462,0.2861240684596584,0.6198076922521192,0.6544,inner_oof,0.6923,0.9275,0.13278988981293235,0.9762,-3.6369,13,400,8,"bio07,bio10,bio12,bio15,bio17,elevation,A1_dist_waterway,A2_waterway_order",1:1,25,25,0,400,0.6544,"{""n_estimators"": 200, ""min_samples_leaf"": 5, ""max_features"": 0.5, ""max_depth"": 20}"
RF,M_SA,spatial_constrained,1,2,3,0.9561538461538461,0.3643105218897074,0.869999999920902,0.43,inner_oof,1.0,0.87,0.06911186440677966,1.7295,-2.6779,13,400,8,"bio07,bio10,bio12,bio15,bio17,elevation,A1_dist_waterway,A2_waterway_order",1:5,125,25,0,400,0.43,"{""n_estimators"": 100, ""min_samples_leaf"": 1, ""max_features"": ""sqrt"", ""max_depth"": null}"
RF,M_SA,two_step,1,2,3,0.9321153846153846,0.2100159991332753,0.49096153841773704,0.9382,inner_oof,0.5385,0.9525,0.16055702562550445,0.2025,-3.6784,13,400,8,"bio07,bio10,bio12,bio15,bio17,elevation,A1_dist_waterway,A2_waterway_order",1:1,25,25,0,400,0.9382,"{""n_estimators"": 200, ""min_samples_leaf"": 2, ""max_features"": 0.7, ""max_depth"": null}"
RF,M_SA,uncertainty_zone,1,2,3,0.9345192307692307,0.3504048114239738,0.5378846153349719,0.4109,inner_oof,0.6154,0.9225,0.083245032115198,4.4341,-0.8308,13,400,8,"bio07,bio10,bio12,bio15,bio17,elevation,A1_dist_waterway,A2_waterway_order",1:3,75,25,0,400,0.4109,"{""n_estimators"": 100, ""min_samples_leaf"": 10, ""max_features"": 0.5, ""max_depth"": 10}"
RF,M_SP,random,1,2,3,0.9204807692307693,0.3583473952799167,0.14634615383183824,0.7082,inner_oof,0.1538,0.9925,0.05253623912308287,1.356,-1.8757,13,400,9,"bio07,bio10,bio12,bio15,bio17,elevation,P1_pop_density,P2_dist_road,P3_road_density",1:5,125,25,0,400,0.7082,"{""n_estimators"": 200, ""min_samples_leaf"": 5, ""max_features"": 0.5, ""max_depth"": null}"
RF,M_SP,spatial_constrained,1,2,3,0.92375,0.40186221248144277,0.2776923076662141,0.5594,inner_oof,0.3077,0.97,0.04945707211457113,1.4211,-1.7961,13,400,9,"bio07,bio10,bio12,bio15,bio17,elevation,P1_pop_density,P2_dist_road,P3_road_density",1:5,125,25,0,400,0.5594,"{""n_estimators"": 200, ""min_samples_leaf"": 5, ""max_features"": 0.5, ""max_depth"": null}"
RF,M_SP,two_step,1,2,3,0.9216346153846153,0.3206726529122103,0.20576923074904174,0.7953,inner_oof,0.2308,0.975,0.08773963274468143,0.7058,-2.9469,13,400,9,"bio07,bio10,bio12,bio15,bio17,elevation,P1_pop_density,P2_dist_road,P3_road_density",1:5,125,25,0,400,0.7953,"{""n_estimators"": 200, ""min_samples_leaf"": 5, ""max_features"": 0.5, ""max_depth"": null}"
RF,M_SP,uncertainty_zone,1,2,3,0.9245192307692307,0.3667978448342021,0.42403846150055235,0.7298,inner_oof,0.4615,0.9625,0.20179317487220877,2.1482,-3.8382,13,400,9,"bio07,bio10,bio12,bio15,bio17,elevation,P1_pop_density,P2_dist_road,P3_road_density",1:1,25,25,0,400,0.7298,"{""n_estimators"": 200, ""min_samples_leaf"": 2, ""max_features"": 0.7, ""max_depth"": null}"
RF,M_SAP,random,1,2,3,0.9181730769230769,0.3209728689816111,0.3790384615006648,0.6078,inner_oof,0.4615,0.9175,0.10147112328121131,1.1054,-3.0374,13,400,10,"bio07,bio10,bio12,bio15,bio17,elevation,A2_waterway_order,P1_pop_density,P3_road_density,P4_dist_urban",1:1,25,25,0,400,0.6078,"{""n_estimators"": 200, ""min_samples_leaf"": 5, ""max_features"": 0.5, ""max_depth"": 20}"
RF,M_SAP,spatial_constrained,1,2,3,0.9259615384615384,0.3318843762882832,0.2776923076662141,0.5656,inner_oof,0.3077,0.97,0.056453587511012746,1.603,-1.8519,13,400,10,"bio07,bio10,bio12,bio15,bio17,elevation,A2_waterway_order,P1_pop_density,P3_road_density,P4_dist_urban",1:3,75,25,0,400,0.5656,"{""n_estimators"": 100, ""min_samples_leaf"": 10, ""max_features"": 0.5, ""max_depth"": 10}"
RF,M_SAP,two_step,1,2,3,0.90125,0.17644808507279047,0.28461538458354885,0.4672,inner_oof,0.3846,0.9,0.07191454161051275,0.7298,-2.3664,13,400,10,"bio07,bio10,bio12,bio15,bio17,elevation,A2_waterway_order,P1_pop_density,P3_road_density,P4_dist_urban",1:5,125,25,0,400,0.4672,"{""n_estimators"": 200, ""min_samples_leaf"": 5, ""max_features"": 0.5, ""max_depth"": null}"
RF,M_SAP,uncertainty_zone,1,2,3,0.8997115384615385,0.32226663823831797,0.47596153841777467,0.3808,inner_oof,0.5385,0.9375,0.06613236474718182,2.2165,-1.3836,13,400,10,"bio07,bio10,bio12,bio15,bio17,elevation,A2_waterway_order,P1_pop_density,P3_road_density,P4_dist_urban",1:5,125,25,0,400,0.3808,"{""n_estimators"": 200, ""min_samples_leaf"": 5, ""max_features"": 0.5, ""max_depth"": null}"
XGB,M_S,random,1,2,3,0.9423076923076923,0.22536648104057677,0.6792307691693227,0.7664,inner_oof,0.7692,0.91,0.17281603813171387,0.9677,-3.9146,13,400,6,"bio07,bio10,bio12,bio15,bio17,elevation",1:5,125,25,0,400,0.7664,"{""subsample"": 0.7, ""n_estimators"": 100, ""min_child_weight"": 10, ""max_depth"": 5, ""learning_rate"": 0.1, ""colsample_bytree"": 1.0}"
XGB,M_S,spatial_constrained,1,2,3,0.9281730769230769,0.22774454526126767,0.6123076922521378,0.7701,inner_oof,0.6923,0.92,0.1382354497909546,0.9573,-3.7725,13,400,6,"bio07,bio10,bio12,bio15,bio17,elevation",1:5,125,25,0,400,0.7701,"{""subsample"": 0.7, ""n_estimators"": 100, ""min_child_weight"": 10, ""max_depth"": 5, ""learning_rate"": 0.1, ""colsample_bytree"": 1.0}"
XGB,M_S,two_step,1,2,3,0.9207692307692308,0.18194417641008487,0.6986538460866263,0.8467,inner_oof,0.8462,0.8525,0.28615686297416687,0.8567,-4.8527,13,400,6,"bio07,bio10,bio12,bio15,bio17,elevation",1:1,25,25,0,400,0.8467,"{""subsample"": 0.7, ""n_estimators"": 300, ""min_child_weight"": 1, ""max_depth"": 3, ""learning_rate"": 0.1, ""colsample_bytree"": 0.6}"
XGB,M_S,uncertainty_zone,1,2,3,0.8721153846153846,0.21832113297886344,0.3674999999221582,0.3545,inner_oof,1.0,0.3675,0.32875481247901917,1.081,-4.682,13,400,6,"bio07,bio10,bio12,bio15,bio17,elevation",1:3,75,25,0,400,0.3545,"{""subsample"": 1.0, ""n_estimators"": 300, ""min_child_weight"": 5, ""max_depth"": 5, ""learning_rate"": 0.05, ""colsample_bytree"": 1.0}"
XGB,M_SA,random,1,2,3,0.9418269230769231,0.2548819389668196,0.6223076922521129,0.8844,inner_oof,0.6923,0.93,0.18282538652420044,0.7467,-4.1253,13,400,8,"bio07,bio10,bio12,bio15,bio17,elevation,A1_dist_waterway,A2_waterway_order",1:1,25,25,0,400,0.8844,"{""subsample"": 0.7, ""n_estimators"": 300, ""min_child_weight"": 1, ""max_depth"": 3, ""learning_rate"": 0.1, ""colsample_bytree"": 0.6}"
XGB,M_SA,spatial_constrained,1,2,3,0.9558653846153846,0.45100142505618385,0.696730769169279,0.777,inner_oof,0.7692,0.9275,0.13106028735637665,1.1406,-4.0348,13,400,8,"bio07,bio10,bio12,bio15,bio17,elevation,A1_dist_waterway,A2_waterway_order",1:5,125,25,0,400,0.777,"{""subsample"": 0.7, ""n_estimators"": 100, ""min_child_weight"": 10, ""max_depth"": 5, ""learning_rate"": 0.1, ""colsample_bytree"": 1.0}"
XGB,M_SA,two_step,1,2,3,0.9259615384615385,0.18648092315525427,0.6567307691693789,0.9009,inner_oof,0.7692,0.8875,0.17662647366523743,0.6748,-4.1592,13,400,8,"bio07,bio10,bio12,bio15,bio17,elevation,A1_dist_waterway,A2_waterway_order",1:1,25,25,0,400,0.9009,"{""subsample"": 0.7, ""n_estimators"": 300, ""min_child_weight"": 1, ""max_depth"": 3, ""learning_rate"": 0.1, ""colsample_bytree"": 0.6}"
XGB,M_SA,uncertainty_zone,1,2,3,0.74625,0.1401902037765638,0.5624999999216707,0.516,inner_oof,1.0,0.5625,0.35925599932670593,0.3482,-3.8523,13,400,8,"bio07,bio10,bio12,bio15,bio17,elevation,A1_dist_waterway,A2_waterway_order",1:1,25,25,0,400,0.516,"{""subsample"": 0.7, ""n_estimators"": 300, ""min_child_weight"": 1, ""max_depth"": 3, ""learning_rate"": 0.1, ""colsample_bytree"": 0.6}"
XGB,M_SP,random,1,2,3,0.9368269230769231,0.2849143240401266,0.6073076922521503,0.8489,inner_oof,0.6923,0.915,0.1301518976688385,0.6871,-3.7088,13,400,9,"bio07,bio10,bio12,bio15,bio17,elevation,P1_pop_density,P2_dist_road,P3_road_density",1:1,25,25,0,400,0.8489,"{""subsample"": 0.7, ""n_estimators"": 300, ""min_child_weight"": 1, ""max_depth"": 3, ""learning_rate"": 0.1, ""colsample_bytree"": 0.6}"
XGB,M_SP,spatial_constrained,1,2,3,0.9132692307692307,0.3084497239575309,0.6842307691693101,0.7094,inner_oof,0.7692,0.915,0.11433761566877365,0.8003,-3.3482,13,400,9,"bio07,bio10,bio12,bio15,bio17,elevation,P1_pop_density,P2_dist_road,P3_road_density",1:3,75,25,0,400,0.7094,"{""subsample"": 1.0, ""n_estimators"": 300, ""min_child_weight"": 5, ""max_depth"": 5, ""learning_rate"": 0.05, ""colsample_bytree"": 1.0}"
XGB,M_SP,two_step,1,2,3,0.9030769230769231,0.16329413951330707,0.7730769230037922,0.5667,inner_oof,0.9231,0.85,0.14672179520130157,0.6104,-3.6355,13,400,9,"bio07,bio10,bio12,bio15,bio17,elevation,P1_pop_density,P2_dist_road,P3_road_density",1:10,250,25,0,400,0.5667,"{""subsample"": 0.7, ""n_estimators"": 200, ""min_child_weight"": 10, ""max_depth"": 3, ""learning_rate"": 0.1, ""colsample_bytree"": 0.8}"
XGB,M_SP,uncertainty_zone,1,2,3,0.8491346153846154,0.22428783387807713,0.49749999992183325,0.5549,inner_oof,1.0,0.4975,0.358603298664093,1.7071,-5.0172,13,400,9,"bio07,bio10,bio12,bio15,bio17,elevation,P1_pop_density,P2_dist_road,P3_road_density",1:5,125,25,0,400,0.5549,"{""subsample"": 0.7, ""n_estimators"": 100, ""min_child_weight"": 10, ""max_depth"": 5, ""learning_rate"": 0.1, ""colsample_bytree"": 1.0}"
XGB,M_SAP,random,1,2,3,0.9393269230769231,0.2480884029861213,0.7286538460865513,0.725,inner_oof,0.8462,0.8825,0.12402381747961044,0.8152,-3.6319,13,400,10,"bio07,bio10,bio12,bio15,bio17,elevation,A2_waterway_order,P1_pop_density,P3_road_density,P4_dist_urban",1:3,75,25,0,400,0.725,"{""subsample"": 0.7, ""n_estimators"": 200, ""min_child_weight"": 5, ""max_depth"": 3, ""learning_rate"": 0.2, ""colsample_bytree"": 0.8}"
XGB,M_SAP,spatial_constrained,1,2,3,0.944326923076923,0.24504423931088684,0.7586538460864762,0.7033,inner_oof,0.8462,0.9125,0.10624881088733673,1.0824,-3.4829,13,400,10,"bio07,bio10,bio12,bio15,bio17,elevation,A2_waterway_order,P1_pop_density,P3_road_density,P4_dist_urban",1:5,125,25,0,400,0.7033,"{""subsample"": 0.7, ""n_estimators"": 100, ""min_child_weight"": 10, ""max_depth"": 5, ""learning_rate"": 0.1, ""colsample_bytree"": 1.0}"
XGB,M_SAP,two_step,1,2,3,0.9177884615384616,0.2038446250327488,0.7905769230037483,0.6091,inner_oof,0.9231,0.8675,0.12429478019475937,1.0418,-3.5242,13,400,10,"bio07,bio10,bio12,bio15,bio17,elevation,A2_waterway_order,P1_pop_density,P3_road_density,P4_dist_urban",1:5,125,25,0,400,0.6091,"{""subsample"": 0.7, ""n_estimators"": 100, ""min_child_weight"": 10, ""max_depth"": 5, ""learning_rate"": 0.1, ""colsample_bytree"": 1.0}"
XGB,M_SAP,uncertainty_zone,1,2,3,0.8893269230769231,0.19755096287827928,0.7774999999211332,0.6584,inner_oof,1.0,0.7775,0.3137355148792267,1.8767,-4.9028,13,400,10,"bio07,bio10,bio12,bio15,bio17,elevation,A2_waterway_order,P1_pop_density,P3_road_density,P4_dist_urban",1:5,125,25,0,400,0.6584,"{""subsample"": 0.7, ""n_estimators"": 100, ""min_child_weight"": 10, ""max_depth"": 5, ""learning_rate"": 0.1, ""colsample_bytree"": 1.0}"
MXN,M_S,random,1,2,3,0.9468269230769231,0.5728872654538854,0.7999999999210767,0.8454,inner_oof,1.0,0.8,0.22989905638721125,1.6502,-6.7809,13,400,6,"bio07,bio10,bio12,bio15,bio17,elevation",1:10,250,25,0,400,0.8454,"{""l1_ratio"": 1.0, ""C"": 1.0}"
MXN,M_S,spatial_constrained,1,2,3,0.94875,0.5003224965426558,0.8024999999210707,0.5192,inner_oof,1.0,0.8025,0.16561307682686724,0.8307,-4.5095,13,400,6,"bio07,bio10,bio12,bio15,bio17,elevation",1:10,250,25,0,400,0.5192,"{""l1_ratio"": 1.0, ""C"": 1.0}"
MXN,M_S,two_step,1,2,3,0.9354807692307692,0.5169628079589086,0.6899999999213517,0.8446,inner_oof,1.0,0.69,0.33342539450920144,1.3565,-7.9733,13,400,6,"bio07,bio10,bio12,bio15,bio17,elevation",1:10,250,25,0,400,0.8446,"{""l1_ratio"": 1.0, ""C"": 1.0}"
MXN,M_S,uncertainty_zone,1,2,3,0.9029807692307692,0.3456450176855842,0.3974999999220832,0.034,inner_oof,1.0,0.3975,0.15566193661624442,0.681,-3.6869,13,400,6,"bio07,bio10,bio12,bio15,bio17,elevation",1:10,250,25,0,400,0.034,"{""l1_ratio"": 1.0, ""C"": 1.0}"
MXN,M_SA,random,1,2,3,0.94875,0.45663853690169476,0.731153846086545,0.894,inner_oof,0.8462,0.885,0.251547311670659,2.1745,-7.554,13,400,8,"bio07,bio10,bio12,bio15,bio17,elevation,A1_dist_waterway,A2_waterway_order",1:5,125,25,0,400,0.894,"{""l1_ratio"": 0.25, ""C"": 0.5}"
MXN,M_SA,spatial_constrained,1,2,3,0.9508653846153846,0.4276411596533548,0.8224999999210207,0.673,inner_oof,1.0,0.8225,0.16390660300772544,0.8985,-4.7537,13,400,8,"bio07,bio10,bio12,bio15,bio17,elevation,A1_dist_waterway,A2_waterway_order",1:10,250,25,0,400,0.673,"{""l1_ratio"": 1.0, ""C"": 1.0}"
MXN,M_SA,two_step,1,2,3,0.9335576923076924,0.20989290974310448,0.8599999999209269,0.9798,inner_oof,1.0,0.86,0.30127464043501895,0.8569,-6.3409,13,400,8,"bio07,bio10,bio12,bio15,bio17,elevation,A1_dist_waterway,A2_waterway_order",1:1,25,25,0,400,0.9798,"{""l1_ratio"": 0.25, ""C"": 5.0}"
MXN,M_SA,uncertainty_zone,1,2,3,0.9350961538461539,0.40774235824859806,0.7074999999213083,0.2772,inner_oof,1.0,0.7075,0.1398182170674761,1.0813,-3.8612,13,400,8,"bio07,bio10,bio12,bio15,bio17,elevation,A1_dist_waterway,A2_waterway_order",1:5,125,25,0,400,0.2772,"{""l1_ratio"": 0.25, ""C"": 0.5}"
MXN,M_SP,random,1,2,3,0.9387500000000001,0.3097422371958817,0.6924999999213455,0.7352,inner_oof,1.0,0.6925,0.25405124905253307,1.8042,-5.7881,13,400,9,"bio07,bio10,bio12,bio15,bio17,elevation,P1_pop_density,P2_dist_road,P3_road_density",1:5,125,25,0,400,0.7352,"{""l1_ratio"": 0.75, ""C"": 0.5}"
MXN,M_SP,spatial_constrained,1,2,3,0.9545192307692307,0.5335286011345859,0.6911538460866451,0.6882,inner_oof,0.8462,0.845,0.14788588657107915,0.9264,-4.4556,13,400,9,"bio07,bio10,bio12,bio15,bio17,elevation,P1_pop_density,P2_dist_road,P3_road_density",1:10,250,25,0,400,0.6882,"{""l1_ratio"": 1.0, ""C"": 1.0}"
MXN,M_SP,two_step,1,2,3,0.9441346153846154,0.3450509804784438,0.8049999999210644,0.9096,inner_oof,1.0,0.805,0.26537499661767355,1.1384,-6.4224,13,400,9,"bio07,bio10,bio12,bio15,bio17,elevation,P1_pop_density,P2_dist_road,P3_road_density",1:10,250,25,0,400,0.9096,"{""l1_ratio"": 1.0, ""C"": 1.0}"
MXN,M_SP,uncertainty_zone,1,2,3,0.9150961538461538,0.5803472785153294,0.6117307691694913,0.5968,inner_oof,0.7692,0.8425,0.1673877593245129,1.3875,-4.2861,13,400,9,"bio07,bio10,bio12,bio15,bio17,elevation,P1_pop_density,P2_dist_road,P3_road_density",1:5,125,25,0,400,0.5968,"{""l1_ratio"": 0.75, ""C"": 0.5}"
MXN,M_SAP,random,1,2,3,0.9414423076923076,0.3259459292249426,0.6749999999213894,0.7087,inner_oof,1.0,0.675,0.25104489368485333,1.8195,-5.8728,13,400,10,"bio07,bio10,bio12,bio15,bio17,elevation,A2_waterway_order,P1_pop_density,P3_road_density,P4_dist_urban",1:5,125,25,0,400,0.7087,"{""l1_ratio"": 0.75, ""C"": 0.5}"
MXN,M_SAP,spatial_constrained,1,2,3,0.9522115384615385,0.3965281225960309,0.7749999999211394,0.4412,inner_oof,1.0,0.775,0.1598411542352667,0.9136,-4.6718,13,400,10,"bio07,bio10,bio12,bio15,bio17,elevation,A2_waterway_order,P1_pop_density,P3_road_density,P4_dist_urban",1:10,250,25,0,400,0.4412,"{""l1_ratio"": 1.0, ""C"": 1.0}"
MXN,M_SAP,two_step,1,2,3,0.9547115384615384,0.3667881991856644,0.7749999999211394,0.9012,inner_oof,1.0,0.775,0.29290035295203204,1.1125,-6.3061,13,400,10,"bio07,bio10,bio12,bio15,bio17,elevation,A2_waterway_order,P1_pop_density,P3_road_density,P4_dist_urban",1:10,250,25,0,400,0.9012,"{""l1_ratio"": 1.0, ""C"": 1.0}"
MXN,M_SAP,uncertainty_zone,1,2,3,0.9633653846153846,0.5225358422939068,0.8249999999210145,0.3899,inner_oof,1.0,0.825,0.1261086768034632,1.0473,-4.5471,13,400,10,"bio07,bio10,bio12,bio15,bio17,elevation,A2_waterway_order,P1_pop_density,P3_road_density,P4_dist_urban",1:1,25,25,0,400,0.3899,"{""l1_ratio"": 1.0, ""C"": 5.0}"
RF,M_S,random,1,3,3,0.8377083333333333,0.34756971317760577,0.11999999991636656,0.5722,inner_oof,1.0,0.12,0.4563495339741247,14.8675,-22.1001,12,400,7,"bio04,bio07,bio11,bio12,bio15,bio17,elevation",1:5,130,26,0,400,0.5722,"{""n_estimators"": 200, ""min_samples_leaf"": 10, ""max_features"": ""sqrt"", ""max_depth"": null}"
RF,M_S,spatial_constrained,1,3,3,0.9427083333333333,0.755847899479975,0.08333333332388881,0.9343,inner_oof,0.0833,1.0,0.49895804327249077,9.443,-16.3712,12,400,7,"bio04,bio07,bio11,bio12,bio15,bio17,elevation",1:3,78,26,0,400,0.9343,"{""n_estimators"": 300, ""min_samples_leaf"": 5, ""max_features"": 0.5, ""max_depth"": 10}"
RF,M_S,two_step,1,3,3,0.9786458333333333,0.45969004139770725,0.1849999999162042,0.6664,inner_oof,1.0,0.185,0.5458570769216801,12.7444,-26.7366,12,400,7,"bio04,bio07,bio11,bio12,bio15,bio17,elevation",1:5,130,26,0,400,0.6664,"{""n_estimators"": 200, ""min_samples_leaf"": 10, ""max_features"": ""sqrt"", ""max_depth"": null}"
RF,M_S,uncertainty_zone,1,3,3,0.92625,0.7920833835819427,0.14499999991630408,0.2742,inner_oof,1.0,0.145,0.12160804696312352,11.2967,0.8528,12,400,7,"bio04,bio07,bio11,bio12,bio15,bio17,elevation",1:10,260,26,0,400,0.2742,"{""n_estimators"": 100, ""min_samples_leaf"": 10, ""max_features"": 0.7, ""max_depth"": 5}"
RF,M_SA,random,1,3,3,0.9774999999999999,0.6107447205008181,0.42749999991559795,0.7269,inner_oof,1.0,0.4275,0.5107116351955244,12.7551,-25.6754,12,400,9,"bio04,bio07,bio11,bio12,bio15,bio17,elevation,A1_dist_waterway,A2_waterway_order",1:1,26,26,0,400,0.7269,"{""n_estimators"": 200, ""min_samples_leaf"": 10, ""max_features"": ""sqrt"", ""max_depth"": null}"
RF,M_SA,spatial_constrained,1,3,3,0.9737499999999999,0.8248518954164116,0.4474999999155478,0.6055,inner_oof,1.0,0.4475,0.35561237562948317,13.3633,-16.0661,12,400,9,"bio04,bio07,bio11,bio12,bio15,bio17,elevation,A1_dist_waterway,A2_waterway_order",1:5,130,26,0,400,0.6055,"{""n_estimators"": 200, ""min_samples_leaf"": 10, ""max_features"": ""sqrt"", ""max_depth"": null}"
RF,M_SA,two_step,1,3,3,0.8939583333333333,0.3112127269962969,0.5424999999153104,0.7696,inner_oof,1.0,0.5425,0.5179291350949832,2.6458,-9.1044,12,400,9,"bio04,bio07,bio11,bio12,bio15,bio17,elevation,A1_dist_waterway,A2_waterway_order",1:1,26,26,0,400,0.7696,"{""n_estimators"": 200, ""min_samples_leaf"": 10, ""max_features"": ""sqrt"", ""max_depth"": null}"
RF,M_SA,uncertainty_zone,1,3,3,0.965625,0.8315862656977115,0.8641666665879089,0.3836,inner_oof,0.9167,0.9475,0.09800838568973574,6.943,-1.0242,12,400,9,"bio04,bio07,bio11,bio12,bio15,bio17,elevation,A1_dist_waterway,A2_waterway_order",1:5,130,26,0,400,0.3836,"{""n_estimators"": 200, ""min_samples_leaf"": 5, ""max_features"": ""sqrt"", ""max_depth"": 5}"
RF,M_SP,random,1,3,3,0.9916666666666668,0.6938875938875939,0.19249999991618538,0.5912,inner_oof,1.0,0.1925,0.46980277439035717,17.0563,-33.0439,12,400,10,"bio04,bio07,bio11,bio12,bio15,bio17,elevation,P1_pop_density,P3_road_density,P4_dist_urban",1:1,26,26,0,400,0.5912,"{""n_estimators"": 200, ""min_samples_leaf"": 10, ""max_features"": ""sqrt"", ""max_depth"": null}"
RF,M_SP,spatial_constrained,1,3,3,0.9854166666666667,0.6823692511192511,0.46749999991549784,0.7577,inner_oof,1.0,0.4675,0.5230885389658041,13.3698,-27.9951,12,400,10,"bio04,bio07,bio11,bio12,bio15,bio17,elevation,P1_pop_density,P3_road_density,P4_dist_urban",1:1,26,26,0,400,0.7577,"{""n_estimators"": 200, ""min_samples_leaf"": 10, ""max_features"": ""sqrt"", ""max_depth"": null}"
RF,M_SP,two_step,1,3,3,0.9809375,0.6468880534670007,0.6549999999150291,0.7411,inner_oof,1.0,0.655,0.4279393088311224,10.5069,-26.7513,12,400,10,"bio04,bio07,bio11,bio12,bio15,bio17,elevation,P1_pop_density,P3_road_density,P4_dist_urban",1:1,26,26,0,400,0.7411,"{""n_estimators"": 200, ""min_samples_leaf"": 10, ""max_features"": ""sqrt"", ""max_depth"": null}"
RF,M_SP,uncertainty_zone,1,3,3,0.9989583333333334,0.9754901960784313,0.9749999999142291,0.4246,inner_oof,1.0,0.975,0.05961239683846375,9.3936,-1.2355,12,400,10,"bio04,bio07,bio11,bio12,bio15,bio17,elevation,P1_pop_density,P3_road_density,P4_dist_urban",1:5,130,26,0,400,0.4246,"{""n_estimators"": 200, ""min_samples_leaf"": 5, ""max_features"": ""sqrt"", ""max_depth"": 5}"
RF,M_SAP,random,1,3,3,0.9816666666666667,0.5379224873710168,0.667499999914998,0.7133,inner_oof,1.0,0.6675,0.4151600637598826,9.2867,-17.3124,12,400,11,"bio04,bio07,bio11,bio12,bio15,bio17,elevation,A2_waterway_order,P1_pop_density,P3_road_density,P4_dist_urban",1:1,26,26,0,400,0.7133,"{""n_estimators"": 200, ""min_samples_leaf"": 10, ""max_features"": ""sqrt"", ""max_depth"": null}"
RF,M_SAP,spatial_constrained,1,3,3,0.9852083333333334,0.7621607782898107,0.6424999999150605,0.7472,inner_oof,1.0,0.6425,0.4799545138286945,10.1407,-20.2976,12,400,11,"bio04,bio07,bio11,bio12,bio15,bio17,elevation,A2_waterway_order,P1_pop_density,P3_road_density,P4_dist_urban",1:1,26,26,0,400,0.7472,"{""n_estimators"": 200, ""min_samples_leaf"": 10, ""max_features"": ""sqrt"", ""max_depth"": null}"
RF,M_SAP,two_step,1,3,3,0.9736458333333332,0.5653688021600393,0.6999999999149167,0.7085,inner_oof,1.0,0.7,0.3268708001181776,11.5995,-25.9298,12,400,11,"bio04,bio07,bio11,bio12,bio15,bio17,elevation,A2_waterway_order,P1_pop_density,P3_road_density,P4_dist_urban",1:1,26,26,0,400,0.7085,"{""n_estimators"": 200, ""min_samples_leaf"": 10, ""max_features"": ""sqrt"", ""max_depth"": null}"
RF,M_SAP,uncertainty_zone,1,3,3,0.9835416666666666,0.9101731601731602,0.7991666665880715,0.3837,inner_oof,0.9167,0.8825,0.09076040584626194,5.4021,-2.7945,12,400,11,"bio04,bio07,bio11,bio12,bio15,bio17,elevation,A2_waterway_order,P1_pop_density,P3_road_density,P4_dist_urban",1:5,130,26,0,400,0.3837,"{""n_estimators"": 200, ""min_samples_leaf"": 5, ""max_features"": ""sqrt"", ""max_depth"": 5}"
XGB,M_S,random,1,3,3,0.9980208333333332,0.9384272590154944,0.8974999999144231,0.683,inner_oof,1.0,0.8975,0.09151388704776764,12.2128,-27.1803,12,400,7,"bio04,bio07,bio11,bio12,bio15,bio17,elevation",1:10,260,26,0,400,0.683,"{""subsample"": 0.9, ""n_estimators"": 100, ""min_child_weight"": 1, ""max_depth"": 3, ""learning_rate"": 0.05, ""colsample_bytree"": 1.0}"
XGB,M_S,spatial_constrained,1,3,3,0.8917708333333334,0.27848647768002605,0.8124999999146354,0.9623,inner_oof,1.0,0.8125,0.8133789896965027,2.4887,-12.5194,12,400,7,"bio04,bio07,bio11,bio12,bio15,bio17,elevation",1:1,26,26,0,400,0.9623,"{""subsample"": 0.9, ""n_estimators"": 200, ""min_child_weight"": 1, ""max_depth"": 7, ""learning_rate"": 0.1, ""colsample_bytree"": 0.6}"
XGB,M_S,two_step,1,3,3,0.9879166666666667,0.5888888888888889,0.41999999991561676,0.9605,inner_oof,1.0,0.42,0.8023867011070251,13.2166,-61.9292,12,400,7,"bio04,bio07,bio11,bio12,bio15,bio17,elevation",1:1,26,26,0,400,0.9605,"{""subsample"": 0.9, ""n_estimators"": 200, ""min_child_weight"": 1, ""max_depth"": 7, ""learning_rate"": 0.1, ""colsample_bytree"": 0.6}"
XGB,M_S,uncertainty_zone,1,3,3,0.9804166666666667,0.7262999998745614,0.44499999991555406,0.0834,inner_oof,1.0,0.445,0.04412771016359329,1.7013,-2.4551,12,400,7,"bio04,bio07,bio11,bio12,bio15,bio17,elevation",1:5,130,26,0,400,0.0834,"{""subsample"": 0.7, ""n_estimators"": 300, ""min_child_weight"": 1, ""max_depth"": 5, ""learning_rate"": 0.05, ""colsample_bytree"": 0.8}"
XGB,M_SA,random,1,3,3,0.9829166666666665,0.5756238859180035,0.22249999991611036,0.7772,inner_oof,1.0,0.2225,0.6532349586486816,2.3368,-11.7998,12,400,9,"bio04,bio07,bio11,bio12,bio15,bio17,elevation,A1_dist_waterway,A2_waterway_order",1:1,26,26,0,400,0.7772,"{""subsample"": 0.9, ""n_estimators"": 200, ""min_child_weight"": 1, ""max_depth"": 7, ""learning_rate"": 0.1, ""colsample_bytree"": 0.6}"
XGB,M_SA,spatial_constrained,1,3,3,0.9929166666666666,0.8085470085470087,0.5758333332822412,0.8974,inner_oof,0.5833,0.9925,0.16252587735652924,3.3884,-7.0499,12,400,9,"bio04,bio07,bio11,bio12,bio15,bio17,elevation,A1_dist_waterway,A2_waterway_order",1:10,260,26,0,400,0.8974,"{""subsample"": 0.9, ""n_estimators"": 100, ""min_child_weight"": 1, ""max_depth"": 3, ""learning_rate"": 0.05, ""colsample_bytree"": 1.0}"
XGB,M_SA,two_step,1,3,3,0.9764583333333333,0.5800751879699249,0.8024999999146605,0.9897,inner_oof,1.0,0.8025,0.6383455395698547,1.5909,-13.2518,12,400,9,"bio04,bio07,bio11,bio12,bio15,bio17,elevation,A1_dist_waterway,A2_waterway_order",1:10,260,26,0,400,0.9897,"{""subsample"": 0.7, ""n_estimators"": 300, ""min_child_weight"": 1, ""max_depth"": 5, ""learning_rate"": 0.2, ""colsample_bytree"": 0.6}"
XGB,M_SA,uncertainty_zone,1,3,3,0.9654166666666666,0.8551174964636504,0.8941666665878341,0.5135,inner_oof,0.9167,0.9775,0.02803841233253479,1.7558,-2.4555,12,400,9,"bio04,bio07,bio11,bio12,bio15,bio17,elevation,A1_dist_waterway,A2_waterway_order",1:10,260,26,0,400,0.5135,"{""subsample"": 0.7, ""n_estimators"": 300, ""min_child_weight"": 1, ""max_depth"": 5, ""learning_rate"": 0.2, ""colsample_bytree"": 0.6}"
XGB,M_SP,random,1,3,3,0.9647916666666666,0.5267709592391795,0.8341666665879841,0.9662,inner_oof,0.9167,0.9175,0.2545863389968872,1.45,-7.5368,12,400,10,"bio04,bio07,bio11,bio12,bio15,bio17,elevation,P1_pop_density,P3_road_density,P4_dist_urban",1:10,260,26,0,400,0.9662,"{""subsample"": 0.7, ""n_estimators"": 300, ""min_child_weight"": 1, ""max_depth"": 5, ""learning_rate"": 0.2, ""colsample_bytree"": 0.6}"
XGB,M_SP,spatial_constrained,1,3,3,0.9956250000000001,0.8903769841269842,0.5833333332822224,0.9786,inner_oof,0.5833,1.0,0.10208884626626968,2.4037,-6.5454,12,400,10,"bio04,bio07,bio11,bio12,bio15,bio17,elevation,P1_pop_density,P3_road_density,P4_dist_urban",1:5,130,26,0,400,0.9786,"{""subsample"": 0.7, ""n_estimators"": 300, ""min_child_weight"": 1, ""max_depth"": 5, ""learning_rate"": 0.05, ""colsample_bytree"": 0.8}"
XGB,M_SP,two_step,1,3,3,0.9927083333333333,0.7233193277310924,0.6199999999151167,0.9713,inner_oof,1.0,0.62,0.5910286903381348,5.3389,-37.7022,12,400,10,"bio04,bio07,bio11,bio12,bio15,bio17,elevation,P1_pop_density,P3_road_density,P4_dist_urban",1:5,130,26,0,400,0.9713,"{""subsample"": 0.7, ""n_estimators"": 300, ""min_child_weight"": 1, ""max_depth"": 5, ""learning_rate"": 0.05, ""colsample_bytree"": 0.8}"
XGB,M_SP,uncertainty_zone,1,3,3,0.991875,0.9362745098039217,0.8341666665879841,0.3153,inner_oof,0.9167,0.9175,0.021939057856798172,2.7999,-2.6668,12,400,10,"bio04,bio07,bio11,bio12,bio15,bio17,elevation,P1_pop_density,P3_road_density,P4_dist_urban",1:5,130,26,0,400,0.3153,"{""subsample"": 0.7, ""n_estimators"": 300, ""min_child_weight"": 1, ""max_depth"": 5, ""learning_rate"": 0.05, ""colsample_bytree"": 0.8}"
XGB,M_SAP,random,1,3,3,0.9616666666666666,0.5777133655394524,0.5816666666088235,0.9619,inner_oof,0.6667,0.915,0.2688901722431183,1.3925,-7.2145,12,400,11,"bio04,bio07,bio11,bio12,bio15,bio17,elevation,A2_waterway_order,P1_pop_density,P3_road_density,P4_dist_urban",1:10,260,26,0,400,0.9619,"{""subsample"": 0.7, ""n_estimators"": 300, ""min_child_weight"": 1, ""max_depth"": 5, ""learning_rate"": 0.2, ""colsample_bytree"": 0.6}"
XGB,M_SAP,spatial_constrained,1,3,3,0.9975,0.9532004830917875,0.5833333332822224,0.9478,inner_oof,0.5833,1.0,0.017807794734835625,1.7583,-3.1782,12,400,11,"bio04,bio07,bio11,bio12,bio15,bio17,elevation,A2_waterway_order,P1_pop_density,P3_road_density,P4_dist_urban",1:10,260,26,0,400,0.9478,"{""subsample"": 0.7, ""n_estimators"": 300, ""min_child_weight"": 1, ""max_depth"": 5, ""learning_rate"": 0.2, ""colsample_bytree"": 0.6}"
XGB,M_SAP,two_step,1,3,3,0.9921875,0.8201817889317891,0.7249999999148542,0.9757,inner_oof,1.0,0.725,0.40483197569847107,2.9716,-21.7548,12,400,11,"bio04,bio07,bio11,bio12,bio15,bio17,elevation,A2_waterway_order,P1_pop_density,P3_road_density,P4_dist_urban",1:5,130,26,0,400,0.9757,"{""subsample"": 0.7, ""n_estimators"": 300, ""min_child_weight"": 1, ""max_depth"": 5, ""learning_rate"": 0.05, ""colsample_bytree"": 0.8}"
XGB,M_SAP,uncertainty_zone,1,3,3,0.9893749999999999,0.9079747935680139,0.24999999997666666,0.8927,inner_oof,0.25,1.0,0.028412865474820137,2.4683,-2.4611,12,400,11,"bio04,bio07,bio11,bio12,bio15,bio17,elevation,A2_waterway_order,P1_pop_density,P3_road_density,P4_dist_urban",1:10,260,26,0,400,0.8927,"{""subsample"": 0.9, ""n_estimators"": 100, ""min_child_weight"": 1, ""max_depth"": 3, ""learning_rate"": 0.05, ""colsample_bytree"": 1.0}"
MXN,M_S,random,1,3,3,0.22416666666666665,0.020542662992025104,0.1149999999163791,0.3239,inner_oof,1.0,0.115,0.8429208809569753,-0.0635,-2.9904,12,400,7,"bio04,bio07,bio11,bio12,bio15,bio17,elevation",1:5,130,26,0,400,0.3239,"{""l1_ratio"": 0.75, ""C"": 1.0}"
MXN,M_S,spatial_constrained,1,3,3,0.99375,0.8336513024013024,0.7399999999350251,0.4946,inner_oof,0.75,0.99,0.012739110683940302,1.0127,-1.0691,12,400,7,"bio04,bio07,bio11,bio12,bio15,bio17,elevation",1:5,130,26,0,400,0.4946,"{""l1_ratio"": 0.75, ""C"": 1.0}"
MXN,M_S,two_step,1,3,3,0.181875,0.019660341379434433,0.11749999991637283,0.9959,inner_oof,1.0,0.1175,0.8763555201207155,-0.0269,-3.2125,12,400,7,"bio04,bio07,bio11,bio12,bio15,bio17,elevation",1:5,130,26,0,400,0.9959,"{""l1_ratio"": 0.75, ""C"": 1.0}"
MXN,M_S,uncertainty_zone,1,3,3,0.9622916666666668,0.5602488505658515,0.3333333333030555,0.7317,inner_oof,0.3333,1.0,0.022577219474806013,0.5322,-0.685,12,400,7,"bio04,bio07,bio11,bio12,bio15,bio17,elevation",1:5,130,26,0,400,0.7317,"{""l1_ratio"": 0.75, ""C"": 1.0}"
MXN,M_SA,random,1,3,3,0.396875,0.025697954662364627,0.2949999999159292,0.951,inner_oof,1.0,0.295,0.7516284009919674,-0.0136,-3.4337,12,400,9,"bio04,bio07,bio11,bio12,bio15,bio17,elevation,A1_dist_waterway,A2_waterway_order",1:5,130,26,0,400,0.951,"{""l1_ratio"": 0.75, ""C"": 1.0}"
MXN,M_SA,spatial_constrained,1,3,3,0.879375,0.3122548942163974,0.5574999999152728,0.4639,inner_oof,1.0,0.5575,0.3541569288222107,0.5239,-4.8992,12,400,9,"bio04,bio07,bio11,bio12,bio15,bio17,elevation,A1_dist_waterway,A2_waterway_order",1:1,26,26,0,400,0.4639,"{""l1_ratio"": 0.25, ""C"": 5.0}"
MXN,M_SA,two_step,1,3,3,0.27875,0.02202139165256307,0.1699999999162416,0.9964,inner_oof,1.0,0.17,0.8554075376259986,-0.013,-3.3765,12,400,9,"bio04,bio07,bio11,bio12,bio15,bio17,elevation,A1_dist_waterway,A2_waterway_order",1:5,130,26,0,400,0.9964,"{""l1_ratio"": 0.75, ""C"": 1.0}"
MXN,M_SA,uncertainty_zone,1,3,3,0.8179166666666666,0.07772000878927258,0.4033333332826723,0.4234,inner_oof,0.5833,0.82,0.16501467153457422,0.1061,-3.1302,12,400,9,"bio04,bio07,bio11,bio12,bio15,bio17,elevation,A1_dist_waterway,A2_waterway_order",1:3,78,26,0,400,0.4234,"{""l1_ratio"": 0.5, ""C"": 0.5}"
MXN,M_SP,random,1,3,3,0.9918750000000001,0.8594507101086049,0.8624999999145104,0.8584,inner_oof,1.0,0.8625,0.1985861642634443,1.1324,-8.1683,12,400,10,"bio04,bio07,bio11,bio12,bio15,bio17,elevation,P1_pop_density,P3_road_density,P4_dist_urban",1:3,78,26,0,400,0.8584,"{""l1_ratio"": 0.25, ""C"": 5.0}"
MXN,M_SP,spatial_constrained,1,3,3,0.9989583333333333,0.9722222222222222,0.8308333332613951,0.7468,inner_oof,0.8333,0.9975,0.005725635354355623,0.6875,0.5668,12,400,10,"bio04,bio07,bio11,bio12,bio15,bio17,elevation,P1_pop_density,P3_road_density,P4_dist_urban",1:3,78,26,0,400,0.7468,"{""l1_ratio"": 0.25, ""C"": 5.0}"
MXN,M_SP,two_step,1,3,3,0.6995833333333333,0.20707703890765486,0.23499999991607923,0.7623,inner_oof,1.0,0.235,0.7466457364203334,0.3276,-7.306,12,400,10,"bio04,bio07,bio11,bio12,bio15,bio17,elevation,P1_pop_density,P3_road_density,P4_dist_urban",1:3,78,26,0,400,0.7623,"{""l1_ratio"": 0.25, ""C"": 5.0}"
MXN,M_SP,uncertainty_zone,1,3,3,0.955,0.4875326335085405,0.5258333332823661,0.723,inner_oof,0.5833,0.9425,0.06034468676970687,0.2963,-1.8546,12,400,10,"bio04,bio07,bio11,bio12,bio15,bio17,elevation,P1_pop_density,P3_road_density,P4_dist_urban",1:1,26,26,0,400,0.723,"{""l1_ratio"": 0.25, ""C"": 5.0}"
MXN,M_SAP,random,1,3,3,0.995,0.9099206349206349,0.8991666665878215,0.9947,inner_oof,0.9167,0.9825,0.1754924119079023,1.2636,-8.7975,12,400,11,"bio04,bio07,bio11,bio12,bio15,bio17,elevation,A2_waterway_order,P1_pop_density,P3_road_density,P4_dist_urban",1:3,78,26,0,400,0.9947,"{""l1_ratio"": 0.25, ""C"": 5.0}"
MXN,M_SAP,spatial_constrained,1,3,3,0.99875,0.9685457516339869,0.9141666665877839,0.4936,inner_oof,0.9167,0.9975,0.005007770484468511,0.6794,-0.0892,12,400,11,"bio04,bio07,bio11,bio12,bio15,bio17,elevation,A2_waterway_order,P1_pop_density,P3_road_density,P4_dist_urban",1:3,78,26,0,400,0.4936,"{""l1_ratio"": 0.25, ""C"": 5.0}"
MXN,M_SAP,two_step,1,3,3,0.6752083333333333,0.20405310836360224,0.20749999991614798,0.6452,inner_oof,1.0,0.2075,0.7607066150882186,0.292,-6.839,12,400,11,"bio04,bio07,bio11,bio12,bio15,bio17,elevation,A2_waterway_order,P1_pop_density,P3_road_density,P4_dist_urban",1:3,78,26,0,400,0.6452,"{""l1_ratio"": 0.25, ""C"": 5.0}"
MXN,M_SAP,uncertainty_zone,1,3,3,0.9929166666666667,0.91504329004329,0.7474999999350063,0.7785,inner_oof,0.75,0.9975,0.009950271944848198,1.6706,-1.0522,12,400,11,"bio04,bio07,bio11,bio12,bio15,bio17,elevation,A2_waterway_order,P1_pop_density,P3_road_density,P4_dist_urban",1:3,78,26,0,400,0.7785,"{""l1_ratio"": 0.5, ""C"": 0.5}"
RF,M_S,random,2,1,3,0.7873076923076923,0.49696998332075404,0.4473076922525503,0.2767,inner_oof,0.6923,0.755,0.07938571428571428,0.683,-2.5609,13,400,5,"bio04,bio10,bio15,bio16,bio17",1:10,250,25,0,400,0.2767,"{""n_estimators"": 300, ""min_samples_leaf"": 1, ""max_features"": 0.7, ""max_depth"": null}"
RF,M_S,spatial_constrained,2,1,3,0.6906730769230769,0.08243839784430093,0.134230769170685,0.2933,inner_oof,0.7692,0.365,0.19172324455205814,0.0657,-3.2423,13,400,5,"bio04,bio10,bio15,bio16,bio17",1:10,250,25,0,400,0.2933,"{""n_estimators"": 300, ""min_samples_leaf"": 1, ""max_features"": 0.7, ""max_depth"": null}"
RF,M_S,two_step,2,1,3,0.734326923076923,0.1028755303365958,0.2617307691703663,0.3239,inner_oof,0.7692,0.4925,0.20923736139069915,0.2937,-3.1713,13,400,5,"bio04,bio10,bio15,bio16,bio17",1:3,75,25,0,400,0.3239,"{""n_estimators"": 100, ""min_samples_leaf"": 5, ""max_features"": 0.7, ""max_depth"": 5}"
RF,M_S,uncertainty_zone,2,1,3,0.7821153846153845,0.35661032024769757,0.2073076922531505,0.13,inner_oof,0.6923,0.515,0.07010295937584074,0.3443,-2.6726,13,400,5,"bio04,bio10,bio15,bio16,bio17",1:10,250,25,0,400,0.13,"{""n_estimators"": 300, ""min_samples_leaf"": 1, ""max_features"": 0.7, ""max_depth"": null}"
RF,M_SA,random,2,1,3,0.7601923076923077,0.48015216839610997,0.14730769225330054,0.15,inner_oof,0.6923,0.455,0.08823849878934625,0.9089,-2.5878,13,400,6,"bio04,bio10,bio15,bio16,A1_dist_waterway,A2_waterway_order",1:5,125,25,0,400,0.15,"{""n_estimators"": 200, ""min_samples_leaf"": 1, ""max_features"": ""sqrt"", ""max_depth"": 20}"
RF,M_SA,spatial_constrained,2,1,3,0.741923076923077,0.10087489919066074,0.25673076917037885,0.33,inner_oof,0.7692,0.4875,0.1574191821361313,0.135,-3.1077,13,400,6,"bio04,bio10,bio15,bio16,A1_dist_waterway,A2_waterway_order",1:10,250,25,0,400,0.33,"{""n_estimators"": 300, ""min_samples_leaf"": 1, ""max_features"": 0.7, ""max_depth"": null}"
RF,M_SA,two_step,2,1,3,0.765576923076923,0.46212296304977074,0.20480769225315676,0.325,inner_oof,0.6923,0.5125,0.1813661622276029,0.8259,-3.316,13,400,6,"bio04,bio10,bio15,bio16,A1_dist_waterway,A2_waterway_order",1:5,125,25,0,400,0.325,"{""n_estimators"": 200, ""min_samples_leaf"": 1, ""max_features"": ""sqrt"", ""max_depth"": 20}"
RF,M_SA,uncertainty_zone,2,1,3,0.833173076923077,0.4670119615938518,0.6348076922520818,0.505,inner_oof,0.6923,0.9425,0.08265932203389831,1.1056,-2.757,13,400,6,"bio04,bio10,bio15,bio16,A1_dist_waterway,A2_waterway_order",1:5,125,25,0,400,0.505,"{""n_estimators"": 200, ""min_samples_leaf"": 1, ""max_features"": ""sqrt"", ""max_depth"": 20}"
RF,M_SP,random,2,1,3,0.8248076923076924,0.2726090576090577,0.6117307691694913,0.309,inner_oof,0.7692,0.8425,0.06938885002443464,1.4784,-1.9986,13,400,7,"bio04,bio10,bio15,bio16,P1_pop_density,P3_road_density,P4_dist_urban",1:3,75,25,0,400,0.309,"{""n_estimators"": 300, ""min_samples_leaf"": 5, ""max_features"": ""sqrt"", ""max_depth"": 10}"
RF,M_SP,spatial_constrained,2,1,3,0.7868269230769231,0.15456073479686355,0.4342307691699352,0.4033,inner_oof,0.7692,0.665,0.13436072101156848,0.351,-2.9527,13,400,7,"bio04,bio10,bio15,bio16,P1_pop_density,P3_road_density,P4_dist_urban",1:10,250,25,0,400,0.4033,"{""n_estimators"": 300, ""min_samples_leaf"": 1, ""max_features"": 0.7, ""max_depth"": null}"
RF,M_SP,two_step,2,1,3,0.8196153846153846,0.155998632880608,0.4255769230046609,0.3369,inner_oof,0.9231,0.5025,0.15843628558296255,0.9693,-3.1924,13,400,7,"bio04,bio10,bio15,bio16,P1_pop_density,P3_road_density,P4_dist_urban",1:1,25,25,0,400,0.3369,"{""n_estimators"": 300, ""min_samples_leaf"": 5, ""max_features"": 0.7, ""max_depth"": 20}"
RF,M_SP,uncertainty_zone,2,1,3,0.9457692307692308,0.48414995878022393,0.5599999999216769,0.3654,inner_oof,1.0,0.56,0.11872032249006616,4.3301,-3.2813,13,400,7,"bio04,bio10,bio15,bio16,P1_pop_density,P3_road_density,P4_dist_urban",1:3,75,25,0,400,0.3654,"{""n_estimators"": 300, ""min_samples_leaf"": 5, ""max_features"": ""sqrt"", ""max_depth"": 10}"
RF,M_SAP,random,2,1,3,0.8448076923076924,0.3185804262134795,0.6298076922520943,0.3477,inner_oof,0.6923,0.9375,0.05495435069900841,1.7677,-1.578,13,400,8,"bio04,bio10,bio15,bio16,A2_waterway_order,P1_pop_density,P3_road_density,P4_dist_urban",1:3,75,25,0,400,0.3477,"{""n_estimators"": 300, ""min_samples_leaf"": 5, ""max_features"": ""sqrt"", ""max_depth"": 10}"
RF,M_SAP,spatial_constrained,2,1,3,0.7633653846153846,0.10624022767537873,0.3017307691702664,0.3,inner_oof,0.7692,0.5325,0.13777449556093627,0.1514,-3.0744,13,400,8,"bio04,bio10,bio15,bio16,A2_waterway_order,P1_pop_density,P3_road_density,P4_dist_urban",1:10,250,25,0,400,0.3,"{""n_estimators"": 300, ""min_samples_leaf"": 1, ""max_features"": 0.7, ""max_depth"": null}"
RF,M_SAP,two_step,2,1,3,0.919423076923077,0.26395045892736296,0.35749999992218306,0.1639,inner_oof,1.0,0.3575,0.09954869772252309,1.3488,-2.7689,13,400,8,"bio04,bio10,bio15,bio16,A2_waterway_order,P1_pop_density,P3_road_density,P4_dist_urban",1:1,25,25,0,400,0.1639,"{""n_estimators"": 300, ""min_samples_leaf"": 5, ""max_features"": 0.7, ""max_depth"": 20}"
RF,M_SAP,uncertainty_zone,2,1,3,0.9130769230769231,0.4922962007427203,0.6336538460867887,0.3632,inner_oof,0.8462,0.7875,0.08960252404870246,3.1849,-2.0642,13,400,8,"bio04,bio10,bio15,bio16,A2_waterway_order,P1_pop_density,P3_road_density,P4_dist_urban",1:3,75,25,0,400,0.3632,"{""n_estimators"": 300, ""min_samples_leaf"": 5, ""max_features"": ""sqrt"", ""max_depth"": 10}"
XGB,M_S,random,2,1,3,0.7179807692307691,0.1670523044589271,0.5373076922523254,0.5627,inner_oof,0.6923,0.845,0.17147716879844666,0.3996,-3.2299,13,400,5,"bio04,bio10,bio15,bio16,bio17",1:5,125,25,0,400,0.5627,"{""subsample"": 1.0, ""n_estimators"": 100, ""min_child_weight"": 5, ""max_depth"": 3, ""learning_rate"": 0.1, ""colsample_bytree"": 0.8}"
XGB,M_S,spatial_constrained,2,1,3,0.5361538461538462,0.035406748448977426,0.18730769225320043,0.2547,inner_oof,0.6923,0.495,0.3393067717552185,0.0183,-3.4211,13,400,5,"bio04,bio10,bio15,bio16,bio17",1:10,250,25,0,400,0.2547,"{""subsample"": 0.7, ""n_estimators"": 300, ""min_child_weight"": 10, ""max_depth"": 5, ""learning_rate"": 0.1, ""colsample_bytree"": 1.0}"
XGB,M_S,two_step,2,1,3,0.704903846153846,0.15442368106848645,0.3273076922528504,0.3162,inner_oof,0.6923,0.635,0.17079129815101624,0.3965,-3.2334,13,400,5,"bio04,bio10,bio15,bio16,bio17",1:5,125,25,0,400,0.3162,"{""subsample"": 1.0, ""n_estimators"": 100, ""min_child_weight"": 5, ""max_depth"": 3, ""learning_rate"": 0.1, ""colsample_bytree"": 0.6}"
XGB,M_S,uncertainty_zone,2,1,3,0.7311538461538462,0.14743422766505657,0.27730769225297536,0.2509,inner_oof,0.6923,0.585,0.16446702182292938,0.4019,-3.1808,13,400,5,"bio04,bio10,bio15,bio16,bio17",1:10,250,25,0,400,0.2509,"{""subsample"": 1.0, ""n_estimators"": 200, ""min_child_weight"": 10, ""max_depth"": 7, ""learning_rate"": 0.1, ""colsample_bytree"": 0.8}"
XGB,M_SA,random,2,1,3,0.7472115384615384,0.17681094996911517,0.5253846153350032,0.7495,inner_oof,0.6154,0.91,0.14551664888858795,0.4384,-3.138,13,400,6,"bio04,bio10,bio15,bio16,A1_dist_waterway,A2_waterway_order",1:5,125,25,0,400,0.7495,"{""subsample"": 1.0, ""n_estimators"": 100, ""min_child_weight"": 5, ""max_depth"": 3, ""learning_rate"": 0.1, ""colsample_bytree"": 0.8}"
XGB,M_SA,spatial_constrained,2,1,3,0.5231730769230769,0.03694369715556413,0.21038461533579067,0.6269,inner_oof,0.6154,0.595,0.34154272079467773,0.001,-3.4271,13,400,6,"bio04,bio10,bio15,bio16,A1_dist_waterway,A2_waterway_order",1:10,250,25,0,400,0.6269,"{""subsample"": 0.7, ""n_estimators"": 300, ""min_child_weight"": 10, ""max_depth"": 5, ""learning_rate"": 0.1, ""colsample_bytree"": 1.0}"
XGB,M_SA,two_step,2,1,3,0.723173076923077,0.1158896956808902,0.31480769225288174,0.3773,inner_oof,0.6923,0.6225,0.24007244408130646,0.2703,-3.3519,13,400,6,"bio04,bio10,bio15,bio16,A1_dist_waterway,A2_waterway_order",1:3,75,25,0,400,0.3773,"{""subsample"": 0.9, ""n_estimators"": 300, ""min_child_weight"": 1, ""max_depth"": 3, ""learning_rate"": 0.1, ""colsample_bytree"": 0.8}"
XGB,M_SA,uncertainty_zone,2,1,3,0.7357692307692308,0.16157713754627642,0.5723076922522379,0.709,inner_oof,0.6923,0.88,0.13042108714580536,0.4734,-3.131,13,400,6,"bio04,bio10,bio15,bio16,A1_dist_waterway,A2_waterway_order",1:5,125,25,0,400,0.709,"{""subsample"": 1.0, ""n_estimators"": 100, ""min_child_weight"": 5, ""max_depth"": 3, ""learning_rate"": 0.1, ""colsample_bytree"": 0.8}"
XGB,M_SP,random,2,1,3,0.8237499999999999,0.2138390047686256,0.5148076922523817,0.1696,inner_oof,0.6923,0.8225,0.06853870302438736,0.714,-2.476,13,400,7,"bio04,bio10,bio15,bio16,P1_pop_density,P3_road_density,P4_dist_urban",1:5,125,25,0,400,0.1696,"{""subsample"": 1.0, ""n_estimators"": 100, ""min_child_weight"": 5, ""max_depth"": 3, ""learning_rate"": 0.1, ""colsample_bytree"": 0.6}"
XGB,M_SP,spatial_constrained,2,1,3,0.5277884615384616,0.04040537426923915,0.13480769225333167,0.1002,inner_oof,0.6923,0.4425,0.2457285374403,0.0646,-3.366,13,400,7,"bio04,bio10,bio15,bio16,P1_pop_density,P3_road_density,P4_dist_urban",1:10,250,25,0,400,0.1002,"{""subsample"": 1.0, ""n_estimators"": 200, ""min_child_weight"": 10, ""max_depth"": 7, ""learning_rate"": 0.1, ""colsample_bytree"": 0.8}"
XGB,M_SP,two_step,2,1,3,0.8646153846153846,0.220639909712147,0.6067307691695039,0.512,inner_oof,0.7692,0.8375,0.13543853163719177,0.7391,-3.1773,13,400,7,"bio04,bio10,bio15,bio16,P1_pop_density,P3_road_density,P4_dist_urban",1:1,25,25,0,400,0.512,"{""subsample"": 0.9, ""n_estimators"": 200, ""min_child_weight"": 1, ""max_depth"": 5, ""learning_rate"": 0.2, ""colsample_bytree"": 0.6}"
XGB,M_SP,uncertainty_zone,2,1,3,0.8478846153846153,0.23319366419976542,0.4859615384177496,0.6282,inner_oof,0.5385,0.9475,0.06004531309008598,0.7596,-2.3377,13,400,7,"bio04,bio10,bio15,bio16,P1_pop_density,P3_road_density,P4_dist_urban",1:10,250,25,0,400,0.6282,"{""subsample"": 1.0, ""n_estimators"": 200, ""min_child_weight"": 10, ""max_depth"": 7, ""learning_rate"": 0.1, ""colsample_bytree"": 0.8}"
XGB,M_SAP,random,2,1,3,0.744326923076923,0.22537416666101115,0.31923076917022275,0.1839,inner_oof,0.7692,0.55,0.10589390993118286,0.7891,-2.8549,13,400,8,"bio04,bio10,bio15,bio16,A2_waterway_order,P1_pop_density,P3_road_density,P4_dist_urban",1:1,25,25,0,400,0.1839,"{""subsample"": 1.0, ""n_estimators"": 100, ""min_child_weight"": 1, ""max_depth"": 7, ""learning_rate"": 0.05, ""colsample_bytree"": 0.8}"
XGB,M_SAP,spatial_constrained,2,1,3,0.550096153846154,0.04296417404816402,0.14980769225329427,0.0994,inner_oof,0.6923,0.4575,0.23562636971473694,0.0776,-3.3512,13,400,8,"bio04,bio10,bio15,bio16,A2_waterway_order,P1_pop_density,P3_road_density,P4_dist_urban",1:10,250,25,0,400,0.0994,"{""subsample"": 1.0, ""n_estimators"": 200, ""min_child_weight"": 10, ""max_depth"": 7, ""learning_rate"": 0.1, ""colsample_bytree"": 0.8}"
XGB,M_SAP,two_step,2,1,3,0.84625,0.25662241954811615,0.5423076922523129,0.3909,inner_oof,0.6923,0.85,0.09391934424638748,0.5435,-2.982,13,400,8,"bio04,bio10,bio15,bio16,A2_waterway_order,P1_pop_density,P3_road_density,P4_dist_urban",1:3,75,25,0,400,0.3909,"{""subsample"": 0.9, ""n_estimators"": 300, ""min_child_weight"": 1, ""max_depth"": 3, ""learning_rate"": 0.1, ""colsample_bytree"": 0.8}"
XGB,M_SAP,uncertainty_zone,2,1,3,0.840576923076923,0.2373205016107755,0.5478846153349468,0.586,inner_oof,0.6154,0.9325,0.06751097738742828,0.6863,-2.4733,13,400,8,"bio04,bio10,bio15,bio16,A2_waterway_order,P1_pop_density,P3_road_density,P4_dist_urban",1:10,250,25,0,400,0.586,"{""subsample"": 1.0, ""n_estimators"": 200, ""min_child_weight"": 10, ""max_depth"": 7, ""learning_rate"": 0.1, ""colsample_bytree"": 0.8}"
MXN,M_S,random,2,1,3,0.8605769230769231,0.14539522758778456,0.6217307691694662,0.3346,inner_oof,0.7692,0.8525,0.08916922821843451,0.4718,-2.6106,13,400,5,"bio04,bio10,bio15,bio16,bio17",1:5,125,25,0,400,0.3346,"{""l1_ratio"": 1.0, ""C"": 1.0}"
MXN,M_S,spatial_constrained,2,1,3,0.546923076923077,0.03536032509016304,0.15846153841856836,0.5855,inner_oof,0.5385,0.62,0.3691892493209414,-0.0087,-3.4289,13,400,5,"bio04,bio10,bio15,bio16,bio17",1:10,250,25,0,400,0.5855,"{""l1_ratio"": 0.25, ""C"": 1.0}"
MXN,M_S,two_step,2,1,3,0.8388461538461538,0.13562733051646014,0.16826923074913558,0.8521,inner_oof,0.2308,0.9375,0.09182559699208163,0.3601,-2.6932,13,400,5,"bio04,bio10,bio15,bio16,bio17",1:5,125,25,0,400,0.8521,"{""l1_ratio"": 1.0, ""C"": 1.0}"
MXN,M_S,uncertainty_zone,2,1,3,0.886923076923077,0.172427799341509,0.5155769230044358,0.4488,inner_oof,0.9231,0.5925,0.19927413468729982,1.0555,-3.8612,13,400,5,"bio04,bio10,bio15,bio16,bio17",1:3,75,25,0,400,0.4488,"{""l1_ratio"": 0.5, ""C"": 1.0}"
MXN,M_SA,random,2,1,3,0.9107692307692308,0.24928641619818093,0.12134615383190073,0.8106,inner_oof,0.1538,0.9675,0.08028207124163748,0.866,-2.6132,13,400,6,"bio04,bio10,bio15,bio16,A1_dist_waterway,A2_waterway_order",1:3,75,25,0,400,0.8106,"{""l1_ratio"": 0.5, ""C"": 1.0}"
MXN,M_SA,spatial_constrained,2,1,3,0.7082692307692307,0.05375590855629355,0.3553846153354281,0.6588,inner_oof,0.6154,0.74,0.2537627177854729,0.0683,-3.3524,13,400,6,"bio04,bio10,bio15,bio16,A1_dist_waterway,A2_waterway_order",1:10,250,25,0,400,0.6588,"{""l1_ratio"": 0.25, ""C"": 1.0}"
MXN,M_SA,two_step,2,1,3,0.8976923076923077,0.18379939468135753,0.5478846153349468,0.7992,inner_oof,0.6154,0.9325,0.10808769245996626,0.6242,-2.9499,13,400,6,"bio04,bio10,bio15,bio16,A1_dist_waterway,A2_waterway_order",1:3,75,25,0,400,0.7992,"{""l1_ratio"": 0.5, ""C"": 1.0}"
MXN,M_SA,uncertainty_zone,2,1,3,0.9053846153846155,0.19617264684526178,0.6292307691694476,0.431,inner_oof,0.7692,0.86,0.08508820983405616,0.8576,-2.6402,13,400,6,"bio04,bio10,bio15,bio16,A1_dist_waterway,A2_waterway_order",1:5,125,25,0,400,0.431,"{""l1_ratio"": 1.0, ""C"": 0.5}"
MXN,M_SP,random,2,1,3,0.8830769230769231,0.16685943377129794,0.16576923074914185,0.7527,inner_oof,0.2308,0.935,0.09347741451921256,0.7036,-2.7297,13,400,7,"bio04,bio10,bio15,bio16,P1_pop_density,P3_road_density,P4_dist_urban",1:5,125,25,0,400,0.7527,"{""l1_ratio"": 1.0, ""C"": 0.5}"
MXN,M_SP,spatial_constrained,2,1,3,0.763076923076923,0.06728278983163426,0.15519230766652026,0.8154,inner_oof,0.3077,0.8475,0.18940256841827516,0.2155,-3.1454,13,400,7,"bio04,bio10,bio15,bio16,P1_pop_density,P3_road_density,P4_dist_urban",1:10,250,25,0,400,0.8154,"{""l1_ratio"": 0.25, ""C"": 1.0}"
MXN,M_SP,two_step,2,1,3,0.8998076923076923,0.1819219594945449,0.674230769169335,0.8274,inner_oof,0.7692,0.905,0.13202817488240515,0.3753,-3.0808,13,400,7,"bio04,bio10,bio15,bio16,P1_pop_density,P3_road_density,P4_dist_urban",1:1,25,25,0,400,0.8274,"{""l1_ratio"": 1.0, ""C"": 5.0}"
MXN,M_SP,uncertainty_zone,2,1,3,0.8882692307692308,0.1734510658513713,0.1857692307490919,0.7066,inner_oof,0.2308,0.955,0.09328255444592835,1.1577,-2.6731,13,400,7,"bio04,bio10,bio15,bio16,P1_pop_density,P3_road_density,P4_dist_urban",1:10,250,25,0,400,0.7066,"{""l1_ratio"": 0.75, ""C"": 0.1}"
MXN,M_SAP,random,2,1,3,0.9157692307692307,0.2589650158832549,0.13634615383186333,0.8146,inner_oof,0.1538,0.9825,0.07218677404138664,0.951,-2.5029,13,400,8,"bio04,bio10,bio15,bio16,A2_waterway_order,P1_pop_density,P3_road_density,P4_dist_urban",1:3,75,25,0,400,0.8146,"{""l1_ratio"": 0.5, ""C"": 1.0}"
MXN,M_SAP,spatial_constrained,2,1,3,0.7313461538461538,0.059624000676530134,0.19711538458376765,0.7717,inner_oof,0.3846,0.8125,0.20692752940049813,0.1925,-3.1936,13,400,8,"bio04,bio10,bio15,bio16,A2_waterway_order,P1_pop_density,P3_road_density,P4_dist_urban",1:10,250,25,0,400,0.7717,"{""l1_ratio"": 0.25, ""C"": 1.0}"
MXN,M_SAP,two_step,2,1,3,0.888076923076923,0.1871215099736607,0.5673076922522504,0.5209,inner_oof,0.6923,0.875,0.10157583351859607,0.5561,-2.8121,13,400,8,"bio04,bio10,bio15,bio16,A2_waterway_order,P1_pop_density,P3_road_density,P4_dist_urban",1:3,75,25,0,400,0.5209,"{""l1_ratio"": 0.5, ""C"": 1.0}"
MXN,M_SAP,uncertainty_zone,2,1,3,0.9067307692307692,0.24169011086650047,0.5653846153349031,0.6086,inner_oof,0.6154,0.95,0.08377621203712293,1.592,-2.5622,13,400,8,"bio04,bio10,bio15,bio16,A2_waterway_order,P1_pop_density,P3_road_density,P4_dist_urban",1:10,250,25,0,400,0.6086,"{""l1_ratio"": 0.75, ""C"": 0.1}"
RF,M_S,random,2,2,3,0.9719230769230769,0.42107689880969235,0.7874999999211081,0.2302,inner_oof,1.0,0.7875,0.037475118800795466,2.9582,-1.0186,13,400,5,"bio07,bio10,bio12,bio15,bio17",1:5,125,25,0,400,0.2302,"{""n_estimators"": 100, ""min_samples_leaf"": 10, ""max_features"": 0.5, ""max_depth"": null}"
RF,M_S,spatial_constrained,2,2,3,0.9835576923076923,0.6681700907787864,0.5284615384176434,0.6325,inner_oof,0.5385,0.99,0.02918875889528531,2.0596,-1.1967,13,400,5,"bio07,bio10,bio12,bio15,bio17",1:5,125,25,0,400,0.6325,"{""n_estimators"": 200, ""min_samples_leaf"": 2, ""max_features"": 0.5, ""max_depth"": null}"
RF,M_S,two_step,2,2,3,0.9674038461538461,0.44549703526193796,0.8024999999210707,0.3793,inner_oof,1.0,0.8025,0.0718817346197559,1.7333,-3.1695,13,400,5,"bio07,bio10,bio12,bio15,bio17",1:5,125,25,0,400,0.3793,"{""n_estimators"": 200, ""min_samples_leaf"": 2, ""max_features"": 0.5, ""max_depth"": null}"
RF,M_S,uncertainty_zone,2,2,3,0.9712500000000001,0.5942165239900858,0.523461538417656,0.71,inner_oof,0.5385,0.985,0.03587616357277374,1.5898,-1.8944,13,400,5,"bio07,bio10,bio12,bio15,bio17",1:3,75,25,0,400,0.71,"{""n_estimators"": 300, ""min_samples_leaf"": 1, ""max_features"": 0.7, ""max_depth"": 10}"
RF,M_SA,random,2,2,3,0.979423076923077,0.7549156090822755,0.8355769230036358,0.3442,inner_oof,0.9231,0.9125,0.04324404322476569,2.5438,-2.8092,13,400,7,"bio07,bio10,bio12,bio15,bio17,A1_dist_waterway,A2_waterway_order",1:5,125,25,0,400,0.3442,"{""n_estimators"": 200, ""min_samples_leaf"": 2, ""max_features"": 0.5, ""max_depth"": null}"
RF,M_SA,spatial_constrained,2,2,3,0.9445192307692308,0.594685788273039,0.8136538460863387,0.2386,inner_oof,0.8462,0.9675,0.02812082493379231,3.1483,1.156,13,400,7,"bio07,bio10,bio12,bio15,bio17,A1_dist_waterway,A2_waterway_order",1:10,250,25,0,400,0.2386,"{""n_estimators"": 100, ""min_samples_leaf"": 10, ""max_features"": ""sqrt"", ""max_depth"": 20}"
RF,M_SA,two_step,2,2,3,0.965096153846154,0.6103754014775249,0.7905769230037483,0.4193,inner_oof,0.9231,0.8675,0.10123124182722926,1.9912,-4.4471,13,400,7,"bio07,bio10,bio12,bio15,bio17,A1_dist_waterway,A2_waterway_order",1:5,125,25,0,400,0.4193,"{""n_estimators"": 200, ""min_samples_leaf"": 2, ""max_features"": 0.5, ""max_depth"": null}"
RF,M_SA,uncertainty_zone,2,2,3,0.9825,0.7374572560429882,0.5978846153348218,0.6467,inner_oof,0.6154,0.9825,0.04717110573042777,2.7662,-2.42,13,400,7,"bio07,bio10,bio12,bio15,bio17,A1_dist_waterway,A2_waterway_order",1:3,75,25,0,400,0.6467,"{""n_estimators"": 300, ""min_samples_leaf"": 1, ""max_features"": 0.7, ""max_depth"": 10}"
RF,M_SP,random,2,2,3,0.9414423076923076,0.372872465766462,0.7105769230039485,0.3269,inner_oof,0.9231,0.7875,0.07167722937503852,1.654,-2.5872,13,400,9,"bio04,bio10,bio12,bio15,bio17,elevation,P1_pop_density,P2_dist_road,P3_road_density",1:5,125,25,0,400,0.3269,"{""n_estimators"": 200, ""min_samples_leaf"": 2, ""max_features"": 0.5, ""max_depth"": null}"
RF,M_SP,spatial_constrained,2,2,3,0.963173076923077,0.43887093298858004,0.8455769230036108,0.4998,inner_oof,0.9231,0.9225,0.05774975542006049,1.697,-2.7329,13,400,9,"bio04,bio10,bio12,bio15,bio17,elevation,P1_pop_density,P2_dist_road,P3_road_density",1:5,125,25,0,400,0.4998,"{""n_estimators"": 200, ""min_samples_leaf"": 2, ""max_features"": 0.5, ""max_depth"": null}"
RF,M_SP,two_step,2,2,3,0.8639423076923076,0.27841400434897523,0.5799999999216268,0.4118,inner_oof,1.0,0.58,0.251466386113273,0.888,-4.1523,13,400,9,"bio04,bio10,bio12,bio15,bio17,elevation,P1_pop_density,P2_dist_road,P3_road_density",1:5,125,25,0,400,0.4118,"{""n_estimators"": 200, ""min_samples_leaf"": 2, ""max_features"": 0.5, ""max_depth"": null}"
RF,M_SP,uncertainty_zone,2,2,3,0.9768269230769232,0.5076395826395826,0.8161538460863325,0.292,inner_oof,0.8462,0.97,0.02325172862350939,3.1196,1.4738,13,400,9,"bio04,bio10,bio12,bio15,bio17,elevation,P1_pop_density,P2_dist_road,P3_road_density",1:10,250,25,0,400,0.292,"{""n_estimators"": 100, ""min_samples_leaf"": 10, ""max_features"": ""sqrt"", ""max_depth"": 20}"
RF,M_SAP,random,2,2,3,0.9220192307692308,0.34312520725478113,0.6730769230040421,0.3167,inner_oof,0.9231,0.75,0.07682561887029327,1.3605,-2.6078,13,400,10,"bio04,bio10,bio12,bio15,bio17,elevation,A1_dist_waterway,A2_waterway_order,P1_pop_density,P3_road_density",1:5,125,25,0,400,0.3167,"{""n_estimators"": 200, ""min_samples_leaf"": 2, ""max_features"": 0.5, ""max_depth"": null}"
RF,M_SAP,spatial_constrained,2,2,3,0.9627884615384615,0.4095737061114696,0.8555769230035859,0.5667,inner_oof,0.9231,0.9325,0.05466495227125691,1.531,-2.6276,13,400,10,"bio04,bio10,bio12,bio15,bio17,elevation,A1_dist_waterway,A2_waterway_order,P1_pop_density,P3_road_density",1:5,125,25,0,400,0.5667,"{""n_estimators"": 200, ""min_samples_leaf"": 2, ""max_features"": 0.5, ""max_depth"": null}"
RF,M_SAP,two_step,2,2,3,0.8424038461538461,0.1918866993271556,0.4730769230045422,0.3551,inner_oof,0.9231,0.55,0.2418704710328441,0.8069,-3.7794,13,400,10,"bio04,bio10,bio12,bio15,bio17,elevation,A1_dist_waterway,A2_waterway_order,P1_pop_density,P3_road_density",1:5,125,25,0,400,0.3551,"{""n_estimators"": 200, ""min_samples_leaf"": 2, ""max_features"": 0.5, ""max_depth"": null}"
RF,M_SAP,uncertainty_zone,2,2,3,0.9779807692307693,0.5432406754804766,0.875576923003536,0.2516,inner_oof,0.9231,0.9525,0.023061253084463003,3.2203,1.8068,13,400,10,"bio04,bio10,bio12,bio15,bio17,elevation,A1_dist_waterway,A2_waterway_order,P1_pop_density,P3_road_density",1:10,250,25,0,400,0.2516,"{""n_estimators"": 100, ""min_samples_leaf"": 10, ""max_features"": ""sqrt"", ""max_depth"": 20}"
XGB,M_S,random,2,2,3,0.9815384615384615,0.5216386554621849,0.9099999999208019,0.3071,inner_oof,1.0,0.91,0.05427464470267296,1.0483,-3.3584,13,400,5,"bio07,bio10,bio12,bio15,bio17",1:5,125,25,0,400,0.3071,"{""subsample"": 0.7, ""n_estimators"": 300, ""min_child_weight"": 1, ""max_depth"": 7, ""learning_rate"": 0.1, ""colsample_bytree"": 0.6}"
XGB,M_S,spatial_constrained,2,2,3,0.9806730769230769,0.5849031063455489,0.37961538458331123,0.9107,inner_oof,0.3846,0.995,0.03584076464176178,0.7839,-2.0813,13,400,5,"bio07,bio10,bio12,bio15,bio17",1:10,250,25,0,400,0.9107,"{""subsample"": 1.0, ""n_estimators"": 200, ""min_child_weight"": 1, ""max_depth"": 7, ""learning_rate"": 0.1, ""colsample_bytree"": 0.6}"
XGB,M_S,two_step,2,2,3,0.9295192307692308,0.22743458785496073,0.7830769230037671,0.6546,inner_oof,0.9231,0.86,0.1302604377269745,0.5509,-3.6373,13,400,5,"bio07,bio10,bio12,bio15,bio17",1:5,125,25,0,400,0.6546,"{""subsample"": 0.7, ""n_estimators"": 300, ""min_child_weight"": 1, ""max_depth"": 7, ""learning_rate"": 0.1, ""colsample_bytree"": 0.6}"
XGB,M_S,uncertainty_zone,2,2,3,0.9071153846153848,0.531928858056179,0.14884615383183197,0.9254,inner_oof,0.1538,0.995,0.02810942381620407,0.8428,-1.7108,13,400,5,"bio07,bio10,bio12,bio15,bio17",1:5,125,25,0,400,0.9254,"{""subsample"": 1.0, ""n_estimators"": 100, ""min_child_weight"": 1, ""max_depth"": 5, ""learning_rate"": 0.2, ""colsample_bytree"": 0.8}"
XGB,M_SA,random,2,2,3,0.9789423076923077,0.5975003719684571,0.8549999999209392,0.1526,inner_oof,1.0,0.855,0.0662718191742897,0.9369,-3.7725,13,400,7,"bio07,bio10,bio12,bio15,bio17,A1_dist_waterway,A2_waterway_order",1:5,125,25,0,400,0.1526,"{""subsample"": 0.7, ""n_estimators"": 300, ""min_child_weight"": 1, ""max_depth"": 7, ""learning_rate"": 0.1, ""colsample_bytree"": 0.6}"
XGB,M_SA,spatial_constrained,2,2,3,0.9672115384615385,0.5077112886872158,0.7961538460863826,0.3717,inner_oof,0.8462,0.95,0.04070395231246948,0.7697,-2.1787,13,400,7,"bio07,bio10,bio12,bio15,bio17,A1_dist_waterway,A2_waterway_order",1:10,250,25,0,400,0.3717,"{""subsample"": 1.0, ""n_estimators"": 200, ""min_child_weight"": 1, ""max_depth"": 7, ""learning_rate"": 0.1, ""colsample_bytree"": 0.6}"
XGB,M_SA,two_step,2,2,3,0.9558653846153847,0.3595286219870938,0.8074999999210581,0.5222,inner_oof,1.0,0.8075,0.15462714433670044,0.6823,-4.6147,13,400,7,"bio07,bio10,bio12,bio15,bio17,A1_dist_waterway,A2_waterway_order",1:5,125,25,0,400,0.5222,"{""subsample"": 0.7, ""n_estimators"": 300, ""min_child_weight"": 1, ""max_depth"": 7, ""learning_rate"": 0.1, ""colsample_bytree"": 0.6}"
XGB,M_SA,uncertainty_zone,2,2,3,0.93875,0.44167077761951756,0.5473076922523004,0.291,inner_oof,0.6923,0.855,0.058104608207941055,0.7569,-2.262,13,400,7,"bio07,bio10,bio12,bio15,bio17,A1_dist_waterway,A2_waterway_order",1:5,125,25,0,400,0.291,"{""subsample"": 1.0, ""n_estimators"": 100, ""min_child_weight"": 1, ""max_depth"": 5, ""learning_rate"": 0.2, ""colsample_bytree"": 0.8}"
XGB,M_SP,random,2,2,3,0.9604807692307692,0.3384635447632795,0.8299999999210019,0.2394,inner_oof,1.0,0.83,0.08158464729785919,0.7405,-3.1005,13,400,9,"bio04,bio10,bio12,bio15,bio17,elevation,P1_pop_density,P2_dist_road,P3_road_density",1:5,125,25,0,400,0.2394,"{""subsample"": 0.7, ""n_estimators"": 300, ""min_child_weight"": 1, ""max_depth"": 7, ""learning_rate"": 0.1, ""colsample_bytree"": 0.6}"
XGB,M_SP,spatial_constrained,2,2,3,0.9602884615384615,0.35012978848065407,0.843076923003617,0.7033,inner_oof,0.9231,0.92,0.07185640931129456,0.6739,-3.1217,13,400,9,"bio04,bio10,bio12,bio15,bio17,elevation,P1_pop_density,P2_dist_road,P3_road_density",1:5,125,25,0,400,0.7033,"{""subsample"": 0.7, ""n_estimators"": 300, ""min_child_weight"": 1, ""max_depth"": 7, ""learning_rate"": 0.1, ""colsample_bytree"": 0.6}"
XGB,M_SP,two_step,2,2,3,0.9077884615384616,0.1777548455937203,0.599999999921577,0.3906,inner_oof,1.0,0.6,0.27508649230003357,0.591,-4.5374,13,400,9,"bio04,bio10,bio12,bio15,bio17,elevation,P1_pop_density,P2_dist_road,P3_road_density",1:5,125,25,0,400,0.3906,"{""subsample"": 0.7, ""n_estimators"": 300, ""min_child_weight"": 1, ""max_depth"": 7, ""learning_rate"": 0.1, ""colsample_bytree"": 0.6}"
XGB,M_SP,uncertainty_zone,2,2,3,0.9794230769230768,0.4914713689898258,0.7392307691691726,0.3689,inner_oof,0.7692,0.97,0.02565736696124077,0.7033,-1.5005,13,400,9,"bio04,bio10,bio12,bio15,bio17,elevation,P1_pop_density,P2_dist_road,P3_road_density",1:10,250,25,0,400,0.3689,"{""subsample"": 1.0, ""n_estimators"": 200, ""min_child_weight"": 1, ""max_depth"": 7, ""learning_rate"": 0.1, ""colsample_bytree"": 0.6}"
XGB,M_SAP,random,2,2,3,0.9492307692307692,0.33864533014899884,0.7355769230038858,0.2519,inner_oof,0.9231,0.8125,0.0888419896364212,0.6583,-3.0881,13,400,10,"bio04,bio10,bio12,bio15,bio17,elevation,A1_dist_waterway,A2_waterway_order,P1_pop_density,P3_road_density",1:5,125,25,0,400,0.2519,"{""subsample"": 0.7, ""n_estimators"": 300, ""min_child_weight"": 1, ""max_depth"": 7, ""learning_rate"": 0.1, ""colsample_bytree"": 0.6}"
XGB,M_SAP,spatial_constrained,2,2,3,0.9549038461538462,0.3822582388371862,0.7686538460864512,0.7788,inner_oof,0.8462,0.9225,0.07402532547712326,0.7173,-3.2054,13,400,10,"bio04,bio10,bio12,bio15,bio17,elevation,A1_dist_waterway,A2_waterway_order,P1_pop_density,P3_road_density",1:5,125,25,0,400,0.7788,"{""subsample"": 0.7, ""n_estimators"": 300, ""min_child_weight"": 1, ""max_depth"": 7, ""learning_rate"": 0.1, ""colsample_bytree"": 0.6}"
XGB,M_SAP,two_step,2,2,3,0.9011538461538461,0.26245053727075546,0.47807692300452964,0.44,inner_oof,0.9231,0.555,0.31798288226127625,0.634,-4.8413,13,400,10,"bio04,bio10,bio12,bio15,bio17,elevation,A1_dist_waterway,A2_waterway_order,P1_pop_density,P3_road_density",1:5,125,25,0,400,0.44,"{""subsample"": 0.7, ""n_estimators"": 300, ""min_child_weight"": 1, ""max_depth"": 7, ""learning_rate"": 0.1, ""colsample_bytree"": 0.6}"
XGB,M_SAP,uncertainty_zone,2,2,3,0.9724038461538462,0.4385313964793745,0.7267307691692038,0.252,inner_oof,0.7692,0.9575,0.03079693764448166,0.6394,-1.9156,13,400,10,"bio04,bio10,bio12,bio15,bio17,elevation,A1_dist_waterway,A2_waterway_order,P1_pop_density,P3_road_density",1:10,250,25,0,400,0.252,"{""subsample"": 1.0, ""n_estimators"": 200, ""min_child_weight"": 1, ""max_depth"": 7, ""learning_rate"": 0.1, ""colsample_bytree"": 0.6}"
MXN,M_S,random,2,2,3,0.9706730769230769,0.44583314416582176,0.8730769230035422,0.662,inner_oof,0.9231,0.95,0.1792149980011104,4.3238,-5.6043,13,400,5,"bio07,bio10,bio12,bio15,bio17",1:3,75,25,0,400,0.662,"{""l1_ratio"": 0.5, ""C"": 0.1}"
MXN,M_S,spatial_constrained,2,2,3,0.9745192307692307,0.477292923001425,0.869999999920902,0.4618,inner_oof,1.0,0.87,0.07179549538198765,1.3892,-3.5371,13,400,5,"bio07,bio10,bio12,bio15,bio17",1:5,125,25,0,400,0.4618,"{""l1_ratio"": 0.0, ""C"": 0.1}"
MXN,M_S,two_step,2,2,3,0.9704807692307692,0.4288012197335178,0.8555769230035859,0.7516,inner_oof,0.9231,0.9325,0.2059008799531068,2.394,-5.8124,13,400,5,"bio07,bio10,bio12,bio15,bio17",1:10,250,25,0,400,0.7516,"{""l1_ratio"": 1.0, ""C"": 0.1}"
MXN,M_S,uncertainty_zone,2,2,3,0.9733653846153846,0.551271277741866,0.8824999999208707,0.4418,inner_oof,1.0,0.8825,0.05664133923913115,2.0758,-2.6811,13,400,5,"bio07,bio10,bio12,bio15,bio17",1:10,250,25,0,400,0.4418,"{""l1_ratio"": 1.0, ""C"": 0.1}"
MXN,M_SA,random,2,2,3,0.95875,0.42983740116093055,0.7130769230039422,0.5058,inner_oof,0.9231,0.79,0.14692117300730087,1.7512,-5.0249,13,400,7,"bio07,bio10,bio12,bio15,bio17,A1_dist_waterway,A2_waterway_order",1:5,125,25,0,400,0.5058,"{""l1_ratio"": 0.0, ""C"": 0.1}"
MXN,M_SA,spatial_constrained,2,2,3,0.9718269230769231,0.46060815253122944,0.8049999999210644,0.2246,inner_oof,1.0,0.805,0.06971965953770173,1.2785,-3.5595,13,400,7,"bio07,bio10,bio12,bio15,bio17,A1_dist_waterway,A2_waterway_order",1:5,125,25,0,400,0.2246,"{""l1_ratio"": 0.0, ""C"": 0.1}"
MXN,M_SA,two_step,2,2,3,0.9689423076923076,0.44392452157049006,0.7649999999211645,0.5338,inner_oof,1.0,0.765,0.1844628975466723,0.7062,-5.287,13,400,7,"bio07,bio10,bio12,bio15,bio17,A1_dist_waterway,A2_waterway_order",1:5,125,25,0,400,0.5338,"{""l1_ratio"": 0.0, ""C"": 5.0}"
MXN,M_SA,uncertainty_zone,2,2,3,0.9654807692307692,0.4429623999189217,0.6724999999213956,0.0337,inner_oof,1.0,0.6725,0.044239274333187396,0.7893,-2.5437,13,400,7,"bio07,bio10,bio12,bio15,bio17,A1_dist_waterway,A2_waterway_order",1:5,125,25,0,400,0.0337,"{""l1_ratio"": 0.0, ""C"": 5.0}"
MXN,M_SP,random,2,2,3,0.959903846153846,0.4315553719735917,0.8705769230035485,0.85,inner_oof,0.9231,0.9475,0.12803902031538497,1.1126,-4.161,13,400,9,"bio04,bio10,bio12,bio15,bio17,elevation,P1_pop_density,P2_dist_road,P3_road_density",1:5,125,25,0,400,0.85,"{""l1_ratio"": 0.0, ""C"": 1.0}"
MXN,M_SP,spatial_constrained,2,2,3,0.9585576923076924,0.5432199978758684,0.8480769230036047,0.7167,inner_oof,0.9231,0.925,0.09006222028913925,0.9224,-3.6148,13,400,9,"bio04,bio10,bio12,bio15,bio17,elevation,P1_pop_density,P2_dist_road,P3_road_density",1:5,125,25,0,400,0.7167,"{""l1_ratio"": 0.0, ""C"": 5.0}"
MXN,M_SP,two_step,2,2,3,0.943173076923077,0.35907506474673506,0.8030769230037171,0.8788,inner_oof,0.9231,0.88,0.17825887206240798,0.4394,-3.7029,13,400,9,"bio04,bio10,bio12,bio15,bio17,elevation,P1_pop_density,P2_dist_road,P3_road_density",1:5,125,25,0,400,0.8788,"{""l1_ratio"": 0.0, ""C"": 5.0}"
MXN,M_SP,uncertainty_zone,2,2,3,0.9677884615384615,0.48010563782622606,0.8324999999209957,0.4567,inner_oof,1.0,0.8325,0.07884229040807862,4.1956,-3.9389,13,400,9,"bio04,bio10,bio12,bio15,bio17,elevation,P1_pop_density,P2_dist_road,P3_road_density",1:10,250,25,0,400,0.4567,"{""l1_ratio"": 1.0, ""C"": 0.1}"
MXN,M_SAP,random,2,2,3,0.9552884615384615,0.42598559855366064,0.7280769230039046,0.4739,inner_oof,0.9231,0.805,0.1262870509478867,0.9687,-3.9849,13,400,10,"bio04,bio10,bio12,bio15,bio17,elevation,A1_dist_waterway,A2_waterway_order,P1_pop_density,P3_road_density",1:5,125,25,0,400,0.4739,"{""l1_ratio"": 0.0, ""C"": 1.0}"
MXN,M_SAP,spatial_constrained,2,2,3,0.9343269230769231,0.43210327609304594,0.5555769230043359,0.5156,inner_oof,0.9231,0.6325,0.21859861382945117,1.6614,-4.9904,13,400,10,"bio04,bio10,bio12,bio15,bio17,elevation,A1_dist_waterway,A2_waterway_order,P1_pop_density,P3_road_density",1:5,125,25,0,400,0.5156,"{""l1_ratio"": 0.0, ""C"": 0.1}"
MXN,M_SAP,two_step,2,2,3,0.8910576923076923,0.24572034084897723,0.6605769230040734,0.8302,inner_oof,0.9231,0.7375,0.35269302911042255,0.3783,-4.0987,13,400,10,"bio04,bio10,bio12,bio15,bio17,elevation,A1_dist_waterway,A2_waterway_order,P1_pop_density,P3_road_density",1:3,75,25,0,400,0.8302,"{""l1_ratio"": 0.5, ""C"": 1.0}"
MXN,M_SAP,uncertainty_zone,2,2,3,0.9556730769230768,0.6076686858633001,0.7155769230039359,0.4176,inner_oof,0.9231,0.7925,0.10426217553282496,3.7766,-3.9389,13,400,10,"bio04,bio10,bio12,bio15,bio17,elevation,A1_dist_waterway,A2_waterway_order,P1_pop_density,P3_road_density",1:10,250,25,0,400,0.4176,"{""l1_ratio"": 1.0, ""C"": 0.1}"
RF,M_S,random,2,3,3,0.8905208333333333,0.39124342726556693,0.08333333332388881,0.89,inner_oof,0.0833,1.0,0.22038247033441208,2.1402,-4.6596,12,400,5,"bio07,bio10,bio12,bio15,bio17",1:1,26,26,0,400,0.89,"{""n_estimators"": 300, ""min_samples_leaf"": 1, ""max_features"": ""sqrt"", ""max_depth"": 10}"
RF,M_S,spatial_constrained,2,3,3,0.8345833333333333,0.16576142081080897,-2.5000002068509275e-12,0.7407,inner_oof,0.0,1.0,0.13133082428703657,1.7134,-2.9272,12,400,5,"bio07,bio10,bio12,bio15,bio17",1:1,26,26,0,400,0.7407,"{""n_estimators"": 100, ""min_samples_leaf"": 10, ""max_features"": 0.7, ""max_depth"": 20}"
RF,M_S,two_step,2,3,3,0.7685416666666667,0.15701150054898114,0.6491666665884464,0.61,inner_oof,0.9167,0.7325,0.23779296116504853,1.2995,-3.9087,12,400,5,"bio07,bio10,bio12,bio15,bio17",1:1,26,26,0,400,0.61,"{""n_estimators"": 100, ""min_samples_leaf"": 1, ""max_features"": ""sqrt"", ""max_depth"": null}"
RF,M_S,uncertainty_zone,2,3,3,0.953125,0.753865270940591,0.3333333333030555,0.51,inner_oof,0.3333,1.0,0.023375215749730317,3.5129,1.6815,12,400,5,"bio07,bio10,bio12,bio15,bio17",1:5,130,26,0,400,0.51,"{""n_estimators"": 100, ""min_samples_leaf"": 1, ""max_features"": ""sqrt"", ""max_depth"": 10}"
RF,M_SA,random,2,3,3,0.9030208333333333,0.3363595688248469,0.24249999997668548,0.8367,inner_oof,0.25,0.9925,0.15518449298813375,1.6401,-3.6605,12,400,7,"bio07,bio10,bio12,bio15,bio17,A1_dist_waterway,A2_waterway_order",1:1,26,26,0,400,0.8367,"{""n_estimators"": 300, ""min_samples_leaf"": 1, ""max_features"": ""sqrt"", ""max_depth"": 10}"
RF,M_SA,spatial_constrained,2,3,3,0.9033333333333333,0.4578674660755024,0.08333333332388881,0.7255,inner_oof,0.0833,1.0,0.09987624204002915,2.6464,-2.5415,12,400,7,"bio07,bio10,bio12,bio15,bio17,A1_dist_waterway,A2_waterway_order",1:1,26,26,0,400,0.7255,"{""n_estimators"": 100, ""min_samples_leaf"": 10, ""max_features"": 0.7, ""max_depth"": 20}"
RF,M_SA,two_step,2,3,3,0.8739583333333333,0.14373233614031203,0.3691666666295632,0.88,inner_oof,0.4167,0.9525,0.23537305825242716,0.731,-3.8342,12,400,7,"bio07,bio10,bio12,bio15,bio17,A1_dist_waterway,A2_waterway_order",1:1,26,26,0,400,0.88,"{""n_estimators"": 100, ""min_samples_leaf"": 1, ""max_features"": ""sqrt"", ""max_depth"": null}"
RF,M_SA,uncertainty_zone,2,3,3,0.9847916666666666,0.9063354129530601,0.9141666665877839,0.52,inner_oof,0.9167,0.9975,0.05358751348435815,4.5592,-1.9,12,400,7,"bio07,bio10,bio12,bio15,bio17,A1_dist_waterway,A2_waterway_order",1:1,26,26,0,400,0.52,"{""n_estimators"": 300, ""min_samples_leaf"": 1, ""max_features"": ""sqrt"", ""max_depth"": 10}"
RF,M_SP,random,2,3,3,0.9794791666666667,0.6288505693556845,0.9149999999143792,0.57,inner_oof,1.0,0.915,0.11757866774541532,3.9395,-4.5779,12,400,8,"bio07,bio10,bio12,bio15,bio17,P1_pop_density,P2_dist_road,P3_road_density",1:1,26,26,0,400,0.57,"{""n_estimators"": 300, ""min_samples_leaf"": 1, ""max_features"": ""sqrt"", ""max_depth"": 10}"
RF,M_SP,spatial_constrained,2,3,3,0.9692708333333334,0.5141460290916813,0.8666666665879028,0.7,inner_oof,0.9167,0.95,0.07102866774541532,2.0852,-3.449,12,400,8,"bio07,bio10,bio12,bio15,bio17,P1_pop_density,P2_dist_road,P3_road_density",1:1,26,26,0,400,0.7,"{""n_estimators"": 300, ""min_samples_leaf"": 1, ""max_features"": ""sqrt"", ""max_depth"": 10}"
RF,M_SP,two_step,2,3,3,0.9779166666666667,0.41091638409749864,0.9199999999143667,0.63,inner_oof,1.0,0.92,0.10476699029126214,2.1537,-5.1438,12,400,8,"bio07,bio10,bio12,bio15,bio17,P1_pop_density,P2_dist_road,P3_road_density",1:1,26,26,0,400,0.63,"{""n_estimators"": 100, ""min_samples_leaf"": 1, ""max_features"": ""sqrt"", ""max_depth"": null}"
RF,M_SP,uncertainty_zone,2,3,3,0.9898958333333333,0.8565595320253706,0.3333333333030555,0.54,inner_oof,0.3333,1.0,0.02690606796116505,6.2703,5.0885,12,400,8,"bio07,bio10,bio12,bio15,bio17,P1_pop_density,P2_dist_road,P3_road_density",1:5,130,26,0,400,0.54,"{""n_estimators"": 100, ""min_samples_leaf"": 1, ""max_features"": ""sqrt"", ""max_depth"": 10}"
RF,M_SAP,random,2,3,3,0.9547916666666667,0.46338330954744766,0.7591666665881716,0.51,inner_oof,0.9167,0.8425,0.119152238403452,2.0601,-3.9226,12,400,10,"bio07,bio10,bio12,bio15,bio17,A1_dist_waterway,A2_waterway_order,P1_pop_density,P3_road_density,P4_dist_urban",1:1,26,26,0,400,0.51,"{""n_estimators"": 300, ""min_samples_leaf"": 1, ""max_features"": ""sqrt"", ""max_depth"": 10}"
RF,M_SAP,spatial_constrained,2,3,3,0.9379166666666666,0.4228971266760707,0.5516666666088987,0.5896,inner_oof,0.6667,0.885,0.09991380134066767,2.056,-3.2051,12,400,10,"bio07,bio10,bio12,bio15,bio17,A1_dist_waterway,A2_waterway_order,P1_pop_density,P3_road_density,P4_dist_urban",1:1,26,26,0,400,0.5896,"{""n_estimators"": 100, ""min_samples_leaf"": 10, ""max_features"": 0.7, ""max_depth"": 20}"
RF,M_SAP,two_step,2,3,3,0.9492708333333333,0.510711126777491,0.7616666665881653,0.6,inner_oof,0.9167,0.845,0.13204385113268607,0.9976,-4.108,12,400,10,"bio07,bio10,bio12,bio15,bio17,A1_dist_waterway,A2_waterway_order,P1_pop_density,P3_road_density,P4_dist_urban",1:1,26,26,0,400,0.6,"{""n_estimators"": 300, ""min_samples_leaf"": 1, ""max_features"": ""sqrt"", ""max_depth"": 10}"
RF,M_SAP,uncertainty_zone,2,3,3,0.8616666666666667,0.7537763891359783,0.6666666666086112,0.46,inner_oof,0.6667,1.0,0.05212949029126213,3.8467,-0.0825,12,400,10,"bio07,bio10,bio12,bio15,bio17,A1_dist_waterway,A2_waterway_order,P1_pop_density,P3_road_density,P4_dist_urban",1:5,130,26,0,400,0.46,"{""n_estimators"": 100, ""min_samples_leaf"": 1, ""max_features"": ""sqrt"", ""max_depth"": 10}"
XGB,M_S,random,2,3,3,0.9052083333333334,0.5018794754641186,0.7416666665882152,0.2635,inner_oof,0.9167,0.825,0.04428902268409729,0.9322,-1.9687,12,400,5,"bio07,bio10,bio12,bio15,bio17",1:10,260,26,0,400,0.2635,"{""subsample"": 0.9, ""n_estimators"": 100, ""min_child_weight"": 1, ""max_depth"": 3, ""learning_rate"": 0.1, ""colsample_bytree"": 0.8}"
XGB,M_S,spatial_constrained,2,3,3,0.8460416666666666,0.2857296716554235,0.5966666666087861,0.3578,inner_oof,0.6667,0.93,0.04568066820502281,0.8912,-1.9747,12,400,5,"bio07,bio10,bio12,bio15,bio17",1:10,260,26,0,400,0.3578,"{""subsample"": 1.0, ""n_estimators"": 100, ""min_child_weight"": 10, ""max_depth"": 3, ""learning_rate"": 0.1, ""colsample_bytree"": 1.0}"
XGB,M_S,two_step,2,3,3,0.8035416666666666,0.18174220460082074,0.4258333332826161,0.8934,inner_oof,0.5833,0.8425,0.20413708686828613,0.4383,-3.6538,12,400,5,"bio07,bio10,bio12,bio15,bio17",1:3,78,26,0,400,0.8934,"{""subsample"": 0.7, ""n_estimators"": 300, ""min_child_weight"": 1, ""max_depth"": 3, ""learning_rate"": 0.2, ""colsample_bytree"": 1.0}"
XGB,M_S,uncertainty_zone,2,3,3,0.8108333333333333,0.6814732465179266,0.6191666666087299,0.3432,inner_oof,0.6667,0.9525,0.05472893267869949,1.1907,-2.487,12,400,5,"bio07,bio10,bio12,bio15,bio17",1:1,26,26,0,400,0.3432,"{""subsample"": 0.9, ""n_estimators"": 300, ""min_child_weight"": 1, ""max_depth"": 7, ""learning_rate"": 0.1, ""colsample_bytree"": 0.6}"
XGB,M_SA,random,2,3,3,0.808125,0.2400206029364454,0.29083333330316186,0.9228,inner_oof,0.3333,0.9575,0.1606612652540207,0.6608,-3.5059,12,400,7,"bio07,bio10,bio12,bio15,bio17,A1_dist_waterway,A2_waterway_order",1:1,26,26,0,400,0.9228,"{""subsample"": 0.9, ""n_estimators"": 300, ""min_child_weight"": 1, ""max_depth"": 7, ""learning_rate"": 0.1, ""colsample_bytree"": 0.6}"
XGB,M_SA,spatial_constrained,2,3,3,0.8812500000000001,0.5854201502729602,0.5333333332823473,0.2403,inner_oof,0.5833,0.95,0.020079297944903374,1.0193,-0.7363,12,400,7,"bio07,bio10,bio12,bio15,bio17,A1_dist_waterway,A2_waterway_order",1:10,260,26,0,400,0.2403,"{""subsample"": 0.9, ""n_estimators"": 100, ""min_child_weight"": 1, ""max_depth"": 3, ""learning_rate"": 0.1, ""colsample_bytree"": 0.8}"
XGB,M_SA,two_step,2,3,3,0.8260416666666666,0.2327393670019694,0.30583333330312423,0.9389,inner_oof,0.3333,0.9725,0.13889692723751068,0.5231,-3.2611,12,400,7,"bio07,bio10,bio12,bio15,bio17,A1_dist_waterway,A2_waterway_order",1:10,260,26,0,400,0.9389,"{""subsample"": 0.9, ""n_estimators"": 100, ""min_child_weight"": 1, ""max_depth"": 3, ""learning_rate"": 0.1, ""colsample_bytree"": 0.8}"
XGB,M_SA,uncertainty_zone,2,3,3,0.9370833333333333,0.7762201374621928,0.6991666665883214,0.0305,inner_oof,0.9167,0.7825,0.013928886502981186,1.4103,-0.4567,12,400,7,"bio07,bio10,bio12,bio15,bio17,A1_dist_waterway,A2_waterway_order",1:10,260,26,0,400,0.0305,"{""subsample"": 0.9, ""n_estimators"": 100, ""min_child_weight"": 1, ""max_depth"": 3, ""learning_rate"": 0.1, ""colsample_bytree"": 0.8}"
XGB,M_SP,random,2,3,3,0.95,0.4538245123155429,0.3666666666295695,0.566,inner_oof,0.4167,0.95,0.05807529389858246,1.5337,-2.4149,12,400,8,"bio07,bio10,bio12,bio15,bio17,P1_pop_density,P2_dist_road,P3_road_density",1:10,260,26,0,400,0.566,"{""subsample"": 1.0, ""n_estimators"": 100, ""min_child_weight"": 10, ""max_depth"": 3, ""learning_rate"": 0.1, ""colsample_bytree"": 1.0}"
XGB,M_SP,spatial_constrained,2,3,3,0.8791666666666667,0.4065939906213761,0.16666666665027785,0.6523,inner_oof,0.1667,1.0,0.03721604123711586,1.137,-1.5422,12,400,8,"bio07,bio10,bio12,bio15,bio17,P1_pop_density,P2_dist_road,P3_road_density",1:10,260,26,0,400,0.6523,"{""subsample"": 1.0, ""n_estimators"": 100, ""min_child_weight"": 10, ""max_depth"": 3, ""learning_rate"": 0.1, ""colsample_bytree"": 1.0}"
XGB,M_SP,two_step,2,3,3,0.95875,0.5678850454323143,0.8399999999145666,0.5914,inner_oof,1.0,0.84,0.12288552522659302,1.0796,-4.4375,12,400,8,"bio07,bio10,bio12,bio15,bio17,P1_pop_density,P2_dist_road,P3_road_density",1:3,78,26,0,400,0.5914,"{""subsample"": 0.7, ""n_estimators"": 300, ""min_child_weight"": 1, ""max_depth"": 3, ""learning_rate"": 0.2, ""colsample_bytree"": 1.0}"
XGB,M_SP,uncertainty_zone,2,3,3,0.9920833333333333,0.9229797979797981,0.9016666665878152,0.1337,inner_oof,0.9167,0.985,0.008083452470600605,2.5772,2.0748,12,400,8,"bio07,bio10,bio12,bio15,bio17,P1_pop_density,P2_dist_road,P3_road_density",1:10,260,26,0,400,0.1337,"{""subsample"": 0.9, ""n_estimators"": 100, ""min_child_weight"": 1, ""max_depth"": 3, ""learning_rate"": 0.1, ""colsample_bytree"": 0.8}"
XGB,M_SAP,random,2,3,3,0.9120833333333334,0.3057437789383385,0.623333333261914,0.6356,inner_oof,0.8333,0.79,0.15688101947307587,0.8042,-3.7672,12,400,10,"bio07,bio10,bio12,bio15,bio17,A1_dist_waterway,A2_waterway_order,P1_pop_density,P3_road_density,P4_dist_urban",1:1,26,26,0,400,0.6356,"{""subsample"": 1.0, ""n_estimators"": 100, ""min_child_weight"": 1, ""max_depth"": 3, ""learning_rate"": 0.2, ""colsample_bytree"": 0.6}"
XGB,M_SAP,spatial_constrained,2,3,3,0.9191666666666667,0.2532981524071898,0.4399999999559834,0.9231,inner_oof,0.5,0.94,0.11002933233976364,0.4828,-3.2564,12,400,10,"bio07,bio10,bio12,bio15,bio17,A1_dist_waterway,A2_waterway_order,P1_pop_density,P3_road_density,P4_dist_urban",1:1,26,26,0,400,0.9231,"{""subsample"": 1.0, ""n_estimators"": 200, ""min_child_weight"": 1, ""max_depth"": 3, ""learning_rate"": 0.2, ""colsample_bytree"": 0.6}"
XGB,M_SAP,two_step,2,3,3,0.9691666666666666,0.5716333845366104,0.8391666665879716,0.8447,inner_oof,0.9167,0.9225,0.19919990003108978,1.4289,-5.5903,12,400,10,"bio07,bio10,bio12,bio15,bio17,A1_dist_waterway,A2_waterway_order,P1_pop_density,P3_road_density,P4_dist_urban",1:1,26,26,0,400,0.8447,"{""subsample"": 1.0, ""n_estimators"": 200, ""min_child_weight"": 1, ""max_depth"": 3, ""learning_rate"": 0.2, ""colsample_bytree"": 0.6}"
XGB,M_SAP,uncertainty_zone,2,3,3,0.9514583333333333,0.7833114121081411,0.6549999999352374,0.1087,inner_oof,0.75,0.905,0.013205476105213165,1.4127,-0.1629,12,400,10,"bio07,bio10,bio12,bio15,bio17,A1_dist_waterway,A2_waterway_order,P1_pop_density,P3_road_density,P4_dist_urban",1:10,260,26,0,400,0.1087,"{""subsample"": 0.9, ""n_estimators"": 100, ""min_child_weight"": 1, ""max_depth"": 3, ""learning_rate"": 0.1, ""colsample_bytree"": 0.8}"
MXN,M_S,random,2,3,3,0.880625,0.31918103028893147,0.44499999995597084,0.7907,inner_oof,0.5,0.945,0.2558320487038242,2.4022,-5.1933,12,400,5,"bio07,bio10,bio12,bio15,bio17",1:5,130,26,0,400,0.7907,"{""l1_ratio"": 0.0, ""C"": 0.05}"
MXN,M_S,spatial_constrained,2,3,3,0.870625,0.4609695310933701,0.39916666658907163,0.3759,inner_oof,0.9167,0.4825,0.16983475032761763,2.4715,-3.883,12,400,5,"bio07,bio10,bio12,bio15,bio17",1:1,26,26,0,400,0.3759,"{""l1_ratio"": 1.0, ""C"": 0.5}"
MXN,M_S,two_step,2,3,3,0.8695833333333333,0.5627882281742153,0.4166666666294445,0.9613,inner_oof,0.4167,1.0,0.3129447151889776,1.4587,-5.4703,12,400,5,"bio07,bio10,bio12,bio15,bio17",1:10,260,26,0,400,0.9613,"{""l1_ratio"": 0.0, ""C"": 0.5}"
MXN,M_S,uncertainty_zone,2,3,3,0.825,0.197754795580412,0.4399999999155666,0.2973,inner_oof,1.0,0.44,0.1500144809867493,1.7111,-3.2392,12,400,5,"bio07,bio10,bio12,bio15,bio17",1:10,260,26,0,400,0.2973,"{""l1_ratio"": 1.0, ""C"": 0.1}"
MXN,M_SA,random,2,3,3,0.8608333333333333,0.26466223659939636,0.08333333332388881,0.8455,inner_oof,0.0833,1.0,0.22365208768317327,1.8626,-4.0705,12,400,7,"bio07,bio10,bio12,bio15,bio17,A1_dist_waterway,A2_waterway_order",1:1,26,26,0,400,0.8455,"{""l1_ratio"": 1.0, ""C"": 0.5}"
MXN,M_SA,spatial_constrained,2,3,3,0.9458333333333333,0.7234772536120874,0.6783333332617765,0.1379,inner_oof,0.8333,0.845,0.030284174739628942,1.0746,-1.8064,12,400,7,"bio07,bio10,bio12,bio15,bio17,A1_dist_waterway,A2_waterway_order",1:10,260,26,0,400,0.1379,"{""l1_ratio"": 0.0, ""C"": 0.5}"
MXN,M_SA,two_step,2,3,3,0.7470833333333333,0.05786949247256039,0.09999999997704156,0.8473,inner_oof,0.25,0.85,0.3466008924923534,0.7064,-4.0918,12,400,7,"bio07,bio10,bio12,bio15,bio17,A1_dist_waterway,A2_waterway_order",1:1,26,26,0,400,0.8473,"{""l1_ratio"": 0.0, ""C"": 0.1}"
MXN,M_SA,uncertainty_zone,2,3,3,0.8533333333333333,0.22402939474338923,0.43749999991557287,0.2572,inner_oof,1.0,0.4375,0.1345071055224571,2.0276,-3.1685,12,400,7,"bio07,bio10,bio12,bio15,bio17,A1_dist_waterway,A2_waterway_order",1:10,260,26,0,400,0.2572,"{""l1_ratio"": 1.0, ""C"": 0.1}"
MXN,M_SP,random,2,3,3,0.85,0.11384788783910767,0.1391666666503466,0.7631,inner_oof,0.1667,0.9725,0.19181162328453213,1.4725,-3.5852,12,400,8,"bio07,bio10,bio12,bio15,bio17,P1_pop_density,P2_dist_road,P3_road_density",1:1,26,26,0,400,0.7631,"{""l1_ratio"": 1.0, ""C"": 0.5}"
MXN,M_SP,spatial_constrained,2,3,3,0.9308333333333333,0.7350524516448032,0.7308333332616452,0.5961,inner_oof,0.8333,0.8975,0.16358787606100225,2.4505,-4.5326,12,400,8,"bio07,bio10,bio12,bio15,bio17,P1_pop_density,P2_dist_road,P3_road_density",1:1,26,26,0,400,0.5961,"{""l1_ratio"": 1.0, ""C"": 0.5}"
MXN,M_SP,two_step,2,3,3,0.8185416666666666,0.07720601872086838,0.45166666660914867,0.6769,inner_oof,0.6667,0.785,0.29773137486637463,1.7824,-4.341,12,400,8,"bio07,bio10,bio12,bio15,bio17,P1_pop_density,P2_dist_road,P3_road_density",1:1,26,26,0,400,0.6769,"{""l1_ratio"": 0.25, ""C"": 0.05}"
MXN,M_SP,uncertainty_zone,2,3,3,0.9335416666666667,0.7056789717225578,0.6174999999151229,0.0,inner_oof,1.0,0.6175,0.025377831043598236,0.7156,-1.7735,12,400,8,"bio07,bio10,bio12,bio15,bio17,P1_pop_density,P2_dist_road,P3_road_density",1:10,260,26,0,400,0.0,"{""l1_ratio"": 0.0, ""C"": 0.5}"
MXN,M_SAP,random,2,3,3,0.9195833333333333,0.3648722902624178,0.22999999997671683,0.8047,inner_oof,0.25,0.98,0.19052764442854656,2.0987,-4.3006,12,400,10,"bio07,bio10,bio12,bio15,bio17,A1_dist_waterway,A2_waterway_order,P1_pop_density,P3_road_density,P4_dist_urban",1:1,26,26,0,400,0.8047,"{""l1_ratio"": 1.0, ""C"": 0.5}"
MXN,M_SAP,spatial_constrained,2,3,3,0.9589583333333334,0.7188316993464051,0.744166666588209,0.1052,inner_oof,0.9167,0.8275,0.049917485780310134,0.7442,-2.6065,12,400,10,"bio07,bio10,bio12,bio15,bio17,A1_dist_waterway,A2_waterway_order,P1_pop_density,P3_road_density,P4_dist_urban",1:10,260,26,0,400,0.1052,"{""l1_ratio"": 0.0, ""C"": 0.5}"
MXN,M_SAP,two_step,2,3,3,0.9035416666666667,0.44492259834827963,0.48083333328247857,0.816,inner_oof,0.5833,0.8975,0.36127249946313594,2.11,-5.7519,12,400,10,"bio07,bio10,bio12,bio15,bio17,A1_dist_waterway,A2_waterway_order,P1_pop_density,P3_road_density,P4_dist_urban",1:1,26,26,0,400,0.816,"{""l1_ratio"": 1.0, ""C"": 0.5}"
MXN,M_SAP,uncertainty_zone,2,3,3,0.20729166666666665,0.01946699806634439,-0.11333333338943896,0.5002,inner_oof,0.6667,0.22,0.7659598074168288,-0.16,-2.5949,12,400,10,"bio07,bio10,bio12,bio15,bio17,A1_dist_waterway,A2_waterway_order,P1_pop_density,P3_road_density,P4_dist_urban",1:1,26,26,0,400,0.5002,"{""l1_ratio"": 0.0, ""C"": 0.1}"
RF,M_S,random,3,1,3,0.7640384615384616,0.16410083660119376,-0.0025000000024937297,0.9554,inner_oof,0.0,0.9975,0.20219649224021732,0.7154,-3.4244,13,400,5,"bio04,bio10,bio15,bio16,bio17",1:1,25,25,0,400,0.9554,"{""n_estimators"": 200, ""min_samples_leaf"": 2, ""max_features"": 0.5, ""max_depth"": 5}"
RF,M_S,spatial_constrained,3,1,3,0.5261538461538462,0.03616644475063423,-0.21288461541520742,0.93,inner_oof,0.3846,0.4025,0.6174493946731237,-0.03,-3.3494,13,400,5,"bio04,bio10,bio15,bio16,bio17",1:1,25,25,0,400,0.93,"{""n_estimators"": 100, ""min_samples_leaf"": 1, ""max_features"": 0.7, ""max_depth"": 20}"
RF,M_S,two_step,3,1,3,0.7816346153846154,0.16558472153088122,-0.015000000002462488,0.98,inner_oof,0.0,0.985,0.17400871670702178,0.3256,-3.2435,13,400,5,"bio04,bio10,bio15,bio16,bio17",1:3,75,25,0,400,0.98,"{""n_estimators"": 100, ""min_samples_leaf"": 1, ""max_features"": ""sqrt"", ""max_depth"": 10}"
RF,M_S,uncertainty_zone,3,1,3,0.45240384615384616,0.0289631818387125,-0.24115384616719293,0.5887,inner_oof,0.1538,0.605,0.30294857099085715,-0.3522,-3.4037,13,400,5,"bio04,bio10,bio15,bio16,bio17",1:3,75,25,0,400,0.5887,"{""n_estimators"": 100, ""min_samples_leaf"": 2, ""max_features"": 0.5, ""max_depth"": 20}"
RF,M_SA,random,3,1,3,0.7988461538461539,0.2659262165362585,0.5109615384176871,0.4644,inner_oof,0.5385,0.9725,0.09972747568067056,2.7431,-1.7249,13,400,6,"bio04,bio10,bio15,bio16,A1_dist_waterway,A2_waterway_order",1:5,125,25,0,400,0.4644,"{""n_estimators"": 300, ""min_samples_leaf"": 10, ""max_features"": 0.5, ""max_depth"": 20}"
RF,M_SA,spatial_constrained,3,1,3,0.5401923076923077,0.038719565628013014,0.3499999999222019,0.5384,inner_oof,1.0,0.35,0.5219456263733097,0.1989,-3.6804,13,400,6,"bio04,bio10,bio15,bio16,A1_dist_waterway,A2_waterway_order",1:3,75,25,0,400,0.5384,"{""n_estimators"": 100, ""min_samples_leaf"": 2, ""max_features"": 0.5, ""max_depth"": 20}"
RF,M_SA,two_step,3,1,3,0.770673076923077,0.12874644749116768,0.49538461533507805,0.4787,inner_oof,0.6154,0.88,0.14150025724826,1.9622,-2.7164,13,400,6,"bio04,bio10,bio15,bio16,A1_dist_waterway,A2_waterway_order",1:5,125,25,0,400,0.4787,"{""n_estimators"": 300, ""min_samples_leaf"": 10, ""max_features"": 0.5, ""max_depth"": 20}"
RF,M_SA,uncertainty_zone,3,1,3,0.6283653846153847,0.06187132640140596,-0.0517307692503145,0.7125,inner_oof,0.2308,0.7175,0.2354575917914381,0.1904,-3.3578,13,400,6,"bio04,bio10,bio15,bio16,A1_dist_waterway,A2_waterway_order",1:3,75,25,0,400,0.7125,"{""n_estimators"": 100, ""min_samples_leaf"": 2, ""max_features"": 0.5, ""max_depth"": 20}"
RF,M_SP,random,3,1,3,0.6879807692307693,0.10372079776735454,-2.5000002068509275e-12,0.7056,inner_oof,0.0,1.0,0.0616321539812734,1.032,-1.992,13,400,7,"bio04,bio10,bio15,bio16,P1_pop_density,P3_road_density,P4_dist_urban",1:5,125,25,0,400,0.7056,"{""n_estimators"": 300, ""min_samples_leaf"": 10, ""max_features"": 0.5, ""max_depth"": 20}"
RF,M_SP,spatial_constrained,3,1,3,0.6149038461538461,0.05243301293851673,-0.005000000002487459,0.98,inner_oof,0.0,0.995,0.4817903147699758,0.3672,-3.8298,13,400,7,"bio04,bio10,bio15,bio16,P1_pop_density,P3_road_density,P4_dist_urban",1:3,75,25,0,400,0.98,"{""n_estimators"": 100, ""min_samples_leaf"": 1, ""max_features"": ""sqrt"", ""max_depth"": 10}"
RF,M_SP,two_step,3,1,3,0.84875,0.20686209116706417,-2.5000002068509275e-12,0.9517,inner_oof,0.0,1.0,0.09203254039012698,1.196,-2.5371,13,400,7,"bio04,bio10,bio15,bio16,P1_pop_density,P3_road_density,P4_dist_urban",1:3,75,25,0,400,0.9517,"{""n_estimators"": 100, ""min_samples_leaf"": 2, ""max_features"": 0.5, ""max_depth"": 20}"
RF,M_SP,uncertainty_zone,3,1,3,0.4459615384615384,0.06783722782679352,-0.0025000000024937297,0.82,inner_oof,0.0,0.9975,0.20592687651331718,-0.2566,-3.5064,13,400,7,"bio04,bio10,bio15,bio16,P1_pop_density,P3_road_density,P4_dist_urban",1:3,75,25,0,400,0.82,"{""n_estimators"": 100, ""min_samples_leaf"": 1, ""max_features"": ""sqrt"", ""max_depth"": 10}"
RF,M_SAP,random,3,1,3,0.6291346153846153,0.08660896708974845,0.12634615383188819,0.465,inner_oof,0.1538,0.9725,0.06794159559965524,0.6338,-2.4479,13,400,8,"bio04,bio10,bio15,bio16,A2_waterway_order,P1_pop_density,P3_road_density,P4_dist_urban",1:5,125,25,0,400,0.465,"{""n_estimators"": 300, ""min_samples_leaf"": 10, ""max_features"": 0.5, ""max_depth"": 20}"
RF,M_SAP,spatial_constrained,3,1,3,0.7670192307692308,0.08002363489425762,0.31499999992228944,0.37,inner_oof,1.0,0.315,0.3856452784503632,0.5674,-3.9933,13,400,8,"bio04,bio10,bio15,bio16,A2_waterway_order,P1_pop_density,P3_road_density,P4_dist_urban",1:3,75,25,0,400,0.37,"{""n_estimators"": 100, ""min_samples_leaf"": 1, ""max_features"": ""sqrt"", ""max_depth"": 10}"
RF,M_SAP,two_step,3,1,3,0.6147115384615385,0.07257532253316266,-0.010000000002475029,0.6171,inner_oof,0.0,0.99,0.09150172754397562,0.5375,-2.7519,13,400,8,"bio04,bio10,bio15,bio16,A2_waterway_order,P1_pop_density,P3_road_density,P4_dist_urban",1:5,125,25,0,400,0.6171,"{""n_estimators"": 300, ""min_samples_leaf"": 10, ""max_features"": 0.5, ""max_depth"": 20}"
RF,M_SAP,uncertainty_zone,3,1,3,0.8316346153846155,0.17825792747268773,-2.5000002068509275e-12,0.8934,inner_oof,0.0,1.0,0.06362578613536378,1.3447,-1.8692,13,400,8,"bio04,bio10,bio15,bio16,A2_waterway_order,P1_pop_density,P3_road_density,P4_dist_urban",1:5,125,25,0,400,0.8934,"{""n_estimators"": 200, ""min_samples_leaf"": 5, ""max_features"": 0.7, ""max_depth"": 10}"
XGB,M_S,random,3,1,3,0.7664423076923077,0.11130413976698153,-0.007500000002481189,0.9279,inner_oof,0.0,0.9925,0.10560903698205948,0.5312,-2.9282,13,400,5,"bio04,bio10,bio15,bio16,bio17",1:10,250,25,0,400,0.9279,"{""subsample"": 0.9, ""n_estimators"": 200, ""min_child_weight"": 10, ""max_depth"": 5, ""learning_rate"": 0.1, ""colsample_bytree"": 0.6}"
XGB,M_S,spatial_constrained,3,1,3,0.47278846153846155,0.033003702729281485,-0.23038461541516364,0.9662,inner_oof,0.3846,0.385,0.6327533721923828,0.1148,-3.7487,13,400,5,"bio04,bio10,bio15,bio16,bio17",1:3,75,25,0,400,0.9662,"{""subsample"": 0.7, ""n_estimators"": 100, ""min_child_weight"": 1, ""max_depth"": 5, ""learning_rate"": 0.1, ""colsample_bytree"": 0.8}"
XGB,M_S,two_step,3,1,3,0.7454807692307692,0.1732306618874958,0.5753846153348781,0.9338,inner_oof,0.6154,0.96,0.17878659069538116,0.5366,-3.3775,13,400,5,"bio04,bio10,bio15,bio16,bio17",1:1,25,25,0,400,0.9338,"{""subsample"": 0.9, ""n_estimators"": 300, ""min_child_weight"": 1, ""max_depth"": 5, ""learning_rate"": 0.2, ""colsample_bytree"": 0.6}"
XGB,M_S,uncertainty_zone,3,1,3,0.7577884615384616,0.1159449304537134,-0.025000000002437517,0.9236,inner_oof,0.0,0.975,0.11475537717342377,0.5668,-3.0126,13,400,5,"bio04,bio10,bio15,bio16,bio17",1:10,250,25,0,400,0.9236,"{""subsample"": 0.9, ""n_estimators"": 200, ""min_child_weight"": 10, ""max_depth"": 5, ""learning_rate"": 0.1, ""colsample_bytree"": 0.6}"
XGB,M_SA,random,3,1,3,0.8162499999999999,0.2822390880932856,0.5878846153348469,0.8833,inner_oof,0.6154,0.9725,0.12715031206607819,0.825,-3.2931,13,400,6,"bio04,bio10,bio15,bio16,A1_dist_waterway,A2_waterway_order",1:1,25,25,0,400,0.8833,"{""subsample"": 0.9, ""n_estimators"": 300, ""min_child_weight"": 1, ""max_depth"": 5, ""learning_rate"": 0.2, ""colsample_bytree"": 0.6}"
XGB,M_SA,spatial_constrained,3,1,3,0.5403846153846155,0.05166304346609518,0.20615384608785736,0.8196,inner_oof,0.8462,0.36,0.644814133644104,0.1952,-3.8894,13,400,6,"bio04,bio10,bio15,bio16,A1_dist_waterway,A2_waterway_order",1:3,75,25,0,400,0.8196,"{""subsample"": 0.7, ""n_estimators"": 100, ""min_child_weight"": 1, ""max_depth"": 5, ""learning_rate"": 0.1, ""colsample_bytree"": 0.8}"
XGB,M_SA,two_step,3,1,3,0.8302884615384615,0.2735344967449714,-2.5000002068509275e-12,0.9802,inner_oof,0.0,1.0,0.1179087832570076,0.5786,-3.0771,13,400,6,"bio04,bio10,bio15,bio16,A1_dist_waterway,A2_waterway_order",1:3,75,25,0,400,0.9802,"{""subsample"": 0.7, ""n_estimators"": 100, ""min_child_weight"": 1, ""max_depth"": 5, ""learning_rate"": 0.1, ""colsample_bytree"": 0.8}"
XGB,M_SA,uncertainty_zone,3,1,3,0.8612500000000001,0.2752983744816943,0.5428846153349594,0.6799,inner_oof,0.6154,0.9275,0.09780290722846985,0.988,-2.8879,13,400,6,"bio04,bio10,bio15,bio16,A1_dist_waterway,A2_waterway_order",1:10,250,25,0,400,0.6799,"{""subsample"": 0.9, ""n_estimators"": 200, ""min_child_weight"": 10, ""max_depth"": 5, ""learning_rate"": 0.1, ""colsample_bytree"": 0.6}"
XGB,M_SP,random,3,1,3,0.8011538461538461,0.11694618143500982,0.15326923074917298,0.6092,inner_oof,0.2308,0.9225,0.10252127051353455,0.92,-2.7724,13,400,7,"bio04,bio10,bio15,bio16,P1_pop_density,P3_road_density,P4_dist_urban",1:3,75,25,0,400,0.6092,"{""subsample"": 0.7, ""n_estimators"": 100, ""min_child_weight"": 10, ""max_depth"": 7, ""learning_rate"": 0.05, ""colsample_bytree"": 0.8}"
XGB,M_SP,spatial_constrained,3,1,3,0.5176923076923077,0.1142759543836563,0.03942307691475344,0.9768,inner_oof,0.0769,0.9625,0.5982330441474915,0.1121,-3.632,13,400,7,"bio04,bio10,bio15,bio16,P1_pop_density,P3_road_density,P4_dist_urban",1:3,75,25,0,400,0.9768,"{""subsample"": 0.7, ""n_estimators"": 100, ""min_child_weight"": 1, ""max_depth"": 5, ""learning_rate"": 0.1, ""colsample_bytree"": 0.8}"
XGB,M_SP,two_step,3,1,3,0.9157692307692309,0.27180061254566135,0.47596153841777467,0.6695,inner_oof,0.5385,0.9375,0.07222389429807663,0.991,-2.5372,13,400,7,"bio04,bio10,bio15,bio16,P1_pop_density,P3_road_density,P4_dist_urban",1:10,250,25,0,400,0.6695,"{""subsample"": 0.9, ""n_estimators"": 200, ""min_child_weight"": 10, ""max_depth"": 5, ""learning_rate"": 0.1, ""colsample_bytree"": 0.6}"
XGB,M_SP,uncertainty_zone,3,1,3,0.27721153846153845,0.02199781668890642,-2.5000002068509275e-12,0.9789,inner_oof,0.0,1.0,0.35097378492355347,-0.706,-3.7362,13,400,7,"bio04,bio10,bio15,bio16,P1_pop_density,P3_road_density,P4_dist_urban",1:3,75,25,0,400,0.9789,"{""subsample"": 0.7, ""n_estimators"": 100, ""min_child_weight"": 1, ""max_depth"": 5, ""learning_rate"": 0.1, ""colsample_bytree"": 0.8}"
XGB,M_SAP,random,3,1,3,0.8852884615384615,0.20486120318643186,0.14826923074918552,0.6211,inner_oof,0.2308,0.9175,0.08442473411560059,0.9655,-2.5743,13,400,8,"bio04,bio10,bio15,bio16,A2_waterway_order,P1_pop_density,P3_road_density,P4_dist_urban",1:3,75,25,0,400,0.6211,"{""subsample"": 0.9, ""n_estimators"": 100, ""min_child_weight"": 10, ""max_depth"": 3, ""learning_rate"": 0.2, ""colsample_bytree"": 0.8}"
XGB,M_SAP,spatial_constrained,3,1,3,0.765673076923077,0.0744866480453323,0.6136538460868386,0.9444,inner_oof,0.8462,0.7675,0.6086825728416443,0.4383,-4.518,13,400,8,"bio04,bio10,bio15,bio16,A2_waterway_order,P1_pop_density,P3_road_density,P4_dist_urban",1:1,25,25,0,400,0.9444,"{""subsample"": 0.9, ""n_estimators"": 300, ""min_child_weight"": 1, ""max_depth"": 5, ""learning_rate"": 0.2, ""colsample_bytree"": 0.6}"
XGB,M_SAP,two_step,3,1,3,0.8952884615384615,0.21102784576883143,0.36653846150069613,0.6879,inner_oof,0.4615,0.905,0.1059577688574791,0.8667,-2.9457,13,400,8,"bio04,bio10,bio15,bio16,A2_waterway_order,P1_pop_density,P3_road_density,P4_dist_urban",1:10,250,25,0,400,0.6879,"{""subsample"": 0.9, ""n_estimators"": 200, ""min_child_weight"": 10, ""max_depth"": 5, ""learning_rate"": 0.1, ""colsample_bytree"": 0.6}"
XGB,M_SAP,uncertainty_zone,3,1,3,0.22682692307692306,0.020433614407994828,-0.3317307692496144,0.9816,inner_oof,0.2308,0.4375,0.9002146124839783,-0.5638,-1.8631,13,400,8,"bio04,bio10,bio15,bio16,A2_waterway_order,P1_pop_density,P3_road_density,P4_dist_urban",1:3,75,25,0,400,0.9816,"{""subsample"": 0.7, ""n_estimators"": 100, ""min_child_weight"": 1, ""max_depth"": 5, ""learning_rate"": 0.1, ""colsample_bytree"": 0.8}"
MXN,M_S,random,3,1,3,0.5183653846153846,0.033266897428609166,-0.09250000000226877,0.7314,inner_oof,0.0,0.9075,0.23562459846842265,0.1211,-3.3856,13,400,5,"bio04,bio10,bio15,bio16,bio17",1:3,75,25,0,400,0.7314,"{""l1_ratio"": 0.75, ""C"": 0.1}"
MXN,M_S,spatial_constrained,3,1,3,0.3539423076923077,0.02462294501188896,0.10499999992281439,0.4058,inner_oof,1.0,0.105,0.7680338402926022,-0.1273,-3.0297,13,400,5,"bio04,bio10,bio15,bio16,bio17",1:1,25,25,0,400,0.4058,"{""l1_ratio"": 0.0, ""C"": 0.01}"
MXN,M_S,two_step,3,1,3,0.5543269230769231,0.037402504206073627,0.25230769225303806,0.34,inner_oof,0.6923,0.56,0.2959434668295785,0.0325,-3.4078,13,400,5,"bio04,bio10,bio15,bio16,bio17",1:1,25,25,0,400,0.34,"{""l1_ratio"": 0.25, ""C"": 0.5}"
MXN,M_S,uncertainty_zone,3,1,3,0.5,0.031476997578692496,-2.5000002068509275e-12,inf,inner_oof,0.0,1.0,0.24677790230581498,0.0473,-3.4249,13,400,5,"bio04,bio10,bio15,bio16,bio17",1:3,75,25,0,400,inf,"{""l1_ratio"": 0.75, ""C"": 0.1}"
MXN,M_SA,random,3,1,3,0.8933653846153846,0.20733722018906234,0.6005769230042235,0.5448,inner_oof,0.9231,0.6775,0.18704197219414936,1.7876,-3.9607,13,400,6,"bio04,bio10,bio15,bio16,A1_dist_waterway,A2_waterway_order",1:3,75,25,0,400,0.5448,"{""l1_ratio"": 0.0, ""C"": 0.05}"
MXN,M_SA,spatial_constrained,3,1,3,0.5950961538461539,0.03943000238359009,0.4180769230046797,0.6116,inner_oof,0.9231,0.495,0.3849309614746221,0.1918,-3.4283,13,400,6,"bio04,bio10,bio15,bio16,A1_dist_waterway,A2_waterway_order",1:1,25,25,0,400,0.6116,"{""l1_ratio"": 0.0, ""C"": 0.01}"
MXN,M_SA,two_step,3,1,3,0.8439423076923076,0.1410523601459628,0.4755769230045359,0.5103,inner_oof,0.9231,0.5525,0.2912041691969754,1.3386,-4.4557,13,400,6,"bio04,bio10,bio15,bio16,A1_dist_waterway,A2_waterway_order",1:3,75,25,0,400,0.5103,"{""l1_ratio"": 0.0, ""C"": 0.05}"
MXN,M_SA,uncertainty_zone,3,1,3,0.5,0.031476997578692496,-2.5000002068509275e-12,inf,inner_oof,0.0,1.0,0.24593997683764804,0.0596,-3.4245,13,400,6,"bio04,bio10,bio15,bio16,A1_dist_waterway,A2_waterway_order",1:5,125,25,0,400,inf,"{""l1_ratio"": 0.5, ""C"": 0.01}"
MXN,M_SP,random,3,1,3,0.9129807692307692,0.17348682376334512,0.4949999999218393,0.2755,inner_oof,1.0,0.495,0.1613185566927021,2.1797,-3.7079,13,400,7,"bio04,bio10,bio15,bio16,P1_pop_density,P3_road_density,P4_dist_urban",1:3,75,25,0,400,0.2755,"{""l1_ratio"": 0.0, ""C"": 0.05}"
MXN,M_SP,spatial_constrained,3,1,3,0.34778846153846155,0.024539887918474952,-0.3478846154148699,0.8461,inner_oof,0.3846,0.2675,0.7352291920949998,-0.0365,-3.2887,13,400,7,"bio04,bio10,bio15,bio16,P1_pop_density,P3_road_density,P4_dist_urban",1:3,75,25,0,400,0.8461,"{""l1_ratio"": 0.0, ""C"": 0.05}"
MXN,M_SP,two_step,3,1,3,0.9179807692307692,0.16952452523709965,0.7799999999211269,0.5282,inner_oof,1.0,0.78,0.16209427617262123,4.1281,-3.7518,13,400,7,"bio04,bio10,bio15,bio16,P1_pop_density,P3_road_density,P4_dist_urban",1:1,25,25,0,400,0.5282,"{""l1_ratio"": 0.0, ""C"": 0.01}"
MXN,M_SP,uncertainty_zone,3,1,3,0.46451923076923074,0.029680168547278597,0.3449999999222144,0.5462,inner_oof,1.0,0.345,0.4105143931876096,0.1949,-3.5089,13,400,7,"bio04,bio10,bio15,bio16,P1_pop_density,P3_road_density,P4_dist_urban",1:3,75,25,0,400,inf,"{""l1_ratio"": 0.0, ""C"": 0.05}"
MXN,M_SAP,random,3,1,3,0.9016346153846153,0.2342913366425091,0.5349999999217394,0.3019,inner_oof,1.0,0.535,0.1636002813041424,1.9919,-3.8997,13,400,8,"bio04,bio10,bio15,bio16,A2_waterway_order,P1_pop_density,P3_road_density,P4_dist_urban",1:3,75,25,0,400,0.3019,"{""l1_ratio"": 0.0, ""C"": 0.05}"
MXN,M_SAP,spatial_constrained,3,1,3,0.3593269230769231,0.024881590877991897,-0.19153846158055665,0.8017,inner_oof,0.5385,0.27,0.731255489537374,-0.0345,-3.293,13,400,8,"bio04,bio10,bio15,bio16,A2_waterway_order,P1_pop_density,P3_road_density,P4_dist_urban",1:3,75,25,0,400,0.8017,"{""l1_ratio"": 0.0, ""C"": 0.05}"
MXN,M_SAP,two_step,3,1,3,0.8872115384615384,0.18583532802353175,0.5261538460870574,0.5761,inner_oof,0.8462,0.68,0.20869973123943583,1.599,-4.2439,13,400,8,"bio04,bio10,bio15,bio16,A2_waterway_order,P1_pop_density,P3_road_density,P4_dist_urban",1:3,75,25,0,400,0.5761,"{""l1_ratio"": 0.0, ""C"": 0.05}"
MXN,M_SAP,uncertainty_zone,3,1,3,0.15807692307692306,0.019100272627948844,0.017499999923033194,0.3102,inner_oof,1.0,0.0175,0.7982944043022155,-0.6771,-2.0622,13,400,8,"bio04,bio10,bio15,bio16,A2_waterway_order,P1_pop_density,P3_road_density,P4_dist_urban",1:3,75,25,0,400,inf,"{""l1_ratio"": 0.75, ""C"": 0.1}"
RF,M_S,random,3,2,3,0.9772115384615384,0.44224444565635634,0.9474999999207081,0.4256,inner_oof,1.0,0.9475,0.03627996222132104,3.2822,-2.0606,13,400,6,"bio07,bio10,bio12,bio15,bio17,elevation",1:5,125,25,0,400,0.4256,"{""n_estimators"": 300, ""min_samples_leaf"": 10, ""max_features"": ""sqrt"", ""max_depth"": 20}"
RF,M_S,spatial_constrained,3,2,3,0.9888461538461539,0.7368368810676504,0.3024999999223206,0.1377,inner_oof,1.0,0.3025,0.08819421533231414,13.5571,-3.2109,13,400,6,"bio07,bio10,bio12,bio15,bio17,elevation",1:5,125,25,0,400,0.1377,"{""n_estimators"": 300, ""min_samples_leaf"": 10, ""max_features"": ""sqrt"", ""max_depth"": 20}"
RF,M_S,two_step,3,2,3,0.9730769230769231,0.4078561843450181,-0.007500000002481189,0.8469,inner_oof,0.0,0.9925,0.23250150303213396,4.0269,-6.388,13,400,6,"bio07,bio10,bio12,bio15,bio17,elevation",1:1,25,25,0,400,0.8469,"{""n_estimators"": 300, ""min_samples_leaf"": 5, ""max_features"": ""sqrt"", ""max_depth"": 20}"
RF,M_S,uncertainty_zone,3,2,3,0.9704807692307692,0.48079575653105067,0.869999999920902,0.2503,inner_oof,1.0,0.87,0.04290089755950129,4.5984,0.2641,13,400,6,"bio07,bio10,bio12,bio15,bio17,elevation",1:5,125,25,0,400,0.2503,"{""n_estimators"": 300, ""min_samples_leaf"": 10, ""max_features"": ""sqrt"", ""max_depth"": 20}"
RF,M_SA,random,3,2,3,0.98375,0.5979192417627551,-0.0025000000024937297,0.8189,inner_oof,0.0,0.9975,0.09780056685641002,3.2575,-4.0273,13,400,8,"bio07,bio10,bio12,bio15,bio17,elevation,A1_dist_waterway,A2_waterway_order",1:1,25,25,0,400,0.8189,"{""n_estimators"": 300, ""min_samples_leaf"": 5, ""max_features"": ""sqrt"", ""max_depth"": 20}"
RF,M_SA,spatial_constrained,3,2,3,0.9789423076923077,0.641652895599384,0.6349999999214893,0.3235,inner_oof,1.0,0.635,0.127448016692931,3.8033,-5.6774,13,400,8,"bio07,bio10,bio12,bio15,bio17,elevation,A1_dist_waterway,A2_waterway_order",1:3,75,25,0,400,0.3235,"{""n_estimators"": 200, ""min_samples_leaf"": 5, ""max_features"": ""sqrt"", ""max_depth"": 5}"
RF,M_SA,two_step,3,2,3,0.9743269230769231,0.522157233447556,0.8599999999209269,0.6162,inner_oof,1.0,0.86,0.20453196095128662,2.6139,-6.0153,13,400,8,"bio07,bio10,bio12,bio15,bio17,elevation,A1_dist_waterway,A2_waterway_order",1:1,25,25,0,400,0.6162,"{""n_estimators"": 300, ""min_samples_leaf"": 5, ""max_features"": ""sqrt"", ""max_depth"": 20}"
RF,M_SA,uncertainty_zone,3,2,3,0.9324038461538463,0.5684798047141143,0.5330769230043921,0.5489,inner_oof,0.9231,0.61,0.22501631542299266,6.1757,-6.4288,13,400,8,"bio07,bio10,bio12,bio15,bio17,elevation,A1_dist_waterway,A2_waterway_order",1:1,25,25,0,400,0.5489,"{""n_estimators"": 300, ""min_samples_leaf"": 5, ""max_features"": ""sqrt"", ""max_depth"": 20}"
RF,M_SP,random,3,2,3,0.9434615384615385,0.2716203665009865,0.41653846150057117,0.6099,inner_oof,0.4615,0.955,0.06340469895359747,1.7603,-2.2385,13,400,9,"bio07,bio10,bio12,bio15,bio17,elevation,P1_pop_density,P2_dist_road,P3_road_density",1:5,125,25,0,400,0.6099,"{""n_estimators"": 300, ""min_samples_leaf"": 10, ""max_features"": ""sqrt"", ""max_depth"": 20}"
RF,M_SP,spatial_constrained,3,2,3,0.9355769230769231,0.271578056121371,0.31749999992228317,0.1552,inner_oof,1.0,0.3175,0.09150830474127859,3.0514,-2.294,13,400,9,"bio07,bio10,bio12,bio15,bio17,elevation,P1_pop_density,P2_dist_road,P3_road_density",1:5,125,25,0,400,0.1552,"{""n_estimators"": 300, ""min_samples_leaf"": 10, ""max_features"": ""sqrt"", ""max_depth"": 20}"
RF,M_SP,two_step,3,2,3,0.9354807692307693,0.35671393921393924,0.7149999999212895,0.59,inner_oof,1.0,0.715,0.2534099878934625,0.9629,-5.0397,13,400,9,"bio07,bio10,bio12,bio15,bio17,elevation,P1_pop_density,P2_dist_road,P3_road_density",1:1,25,25,0,400,0.59,"{""n_estimators"": 200, ""min_samples_leaf"": 1, ""max_features"": 0.5, ""max_depth"": 20}"
RF,M_SP,uncertainty_zone,3,2,3,0.8614423076923078,0.5142648400619192,0.07692307691465983,0.84,inner_oof,0.0769,1.0,0.16034685230024215,2.3217,-3.5948,13,400,9,"bio07,bio10,bio12,bio15,bio17,elevation,P1_pop_density,P2_dist_road,P3_road_density",1:1,25,25,0,400,0.84,"{""n_estimators"": 200, ""min_samples_leaf"": 1, ""max_features"": 0.5, ""max_depth"": 20}"
RF,M_SAP,random,3,2,3,0.94375,0.26670428805687163,0.5503846153349405,0.694,inner_oof,0.6154,0.935,0.09294749174748781,1.4932,-3.1856,13,400,10,"bio07,bio10,bio12,bio15,bio17,elevation,A1_dist_waterway,A2_waterway_order,P1_pop_density,P3_road_density",1:3,75,25,0,400,0.694,"{""n_estimators"": 200, ""min_samples_leaf"": 5, ""max_features"": ""sqrt"", ""max_depth"": 5}"
RF,M_SAP,spatial_constrained,3,2,3,0.9150961538461537,0.19528974299755936,0.47499999992188946,0.4693,inner_oof,1.0,0.475,0.2785526798398635,1.5009,-4.7772,13,400,10,"bio07,bio10,bio12,bio15,bio17,elevation,A1_dist_waterway,A2_waterway_order,P1_pop_density,P3_road_density",1:1,25,25,0,400,0.4693,"{""n_estimators"": 300, ""min_samples_leaf"": 5, ""max_features"": ""sqrt"", ""max_depth"": 20}"
RF,M_SAP,two_step,3,2,3,0.8739423076923077,0.25298451102856284,0.40249999992207064,0.4111,inner_oof,1.0,0.4025,0.2832715204758494,1.5975,-4.7892,13,400,10,"bio07,bio10,bio12,bio15,bio17,elevation,A1_dist_waterway,A2_waterway_order,P1_pop_density,P3_road_density",1:1,25,25,0,400,0.4111,"{""n_estimators"": 300, ""min_samples_leaf"": 5, ""max_features"": ""sqrt"", ""max_depth"": 20}"
RF,M_SAP,uncertainty_zone,3,2,3,0.9370192307692308,0.2527870114335149,0.7480769230038546,0.5116,inner_oof,0.9231,0.825,0.13792955346076513,2.0422,-3.1772,13,400,10,"bio07,bio10,bio12,bio15,bio17,elevation,A1_dist_waterway,A2_waterway_order,P1_pop_density,P3_road_density",1:1,25,25,0,400,0.5116,"{""n_estimators"": 300, ""min_samples_leaf"": 5, ""max_features"": ""sqrt"", ""max_depth"": 20}"
XGB,M_S,random,3,2,3,0.9842307692307692,0.6217948717948718,0.8824999999208707,0.6172,inner_oof,1.0,0.8825,0.11345475167036057,2.5073,-5.9836,13,400,6,"bio07,bio10,bio12,bio15,bio17,elevation",1:5,125,25,0,400,0.6172,"{""subsample"": 0.7, ""n_estimators"": 200, ""min_child_weight"": 10, ""max_depth"": 7, ""learning_rate"": 0.05, ""colsample_bytree"": 0.8}"
XGB,M_S,spatial_constrained,3,2,3,0.9783653846153846,0.5938086303939962,0.3524999999221956,0.329,inner_oof,1.0,0.3525,0.20154865086078644,3.4941,-9.1527,13,400,6,"bio07,bio10,bio12,bio15,bio17,elevation",1:5,125,25,0,400,0.329,"{""subsample"": 0.7, ""n_estimators"": 200, ""min_child_weight"": 10, ""max_depth"": 7, ""learning_rate"": 0.05, ""colsample_bytree"": 0.8}"
XGB,M_S,two_step,3,2,3,0.981923076923077,0.553113553113553,0.8874999999208582,0.6125,inner_oof,1.0,0.8875,0.11230825632810593,3.2489,-7.0675,13,400,6,"bio07,bio10,bio12,bio15,bio17,elevation",1:5,125,25,0,400,0.6125,"{""subsample"": 0.7, ""n_estimators"": 200, ""min_child_weight"": 10, ""max_depth"": 7, ""learning_rate"": 0.05, ""colsample_bytree"": 0.8}"
XGB,M_S,uncertainty_zone,3,2,3,0.974423076923077,0.5729889915566309,0.41999999992202675,0.0142,inner_oof,1.0,0.42,0.07506833225488663,0.99,-3.5697,13,400,6,"bio07,bio10,bio12,bio15,bio17,elevation",1:5,125,25,0,400,0.0142,"{""subsample"": 0.7, ""n_estimators"": 300, ""min_child_weight"": 1, ""max_depth"": 5, ""learning_rate"": 0.1, ""colsample_bytree"": 0.6}"
XGB,M_SA,random,3,2,3,0.965,0.37366506538630856,0.8899999999208519,0.7267,inner_oof,1.0,0.89,0.1041693389415741,0.9841,-4.6052,13,400,8,"bio07,bio10,bio12,bio15,bio17,elevation,A1_dist_waterway,A2_waterway_order",1:3,75,25,0,400,0.7267,"{""subsample"": 0.9, ""n_estimators"": 300, ""min_child_weight"": 1, ""max_depth"": 3, ""learning_rate"": 0.2, ""colsample_bytree"": 0.8}"
XGB,M_SA,spatial_constrained,3,2,3,0.9766346153846154,0.5812211556892408,0.7349999999212393,0.4684,inner_oof,1.0,0.735,0.19248788058757782,2.9708,-8.6367,13,400,8,"bio07,bio10,bio12,bio15,bio17,elevation,A1_dist_waterway,A2_waterway_order",1:5,125,25,0,400,0.4684,"{""subsample"": 0.7, ""n_estimators"": 200, ""min_child_weight"": 10, ""max_depth"": 7, ""learning_rate"": 0.05, ""colsample_bytree"": 0.8}"
XGB,M_SA,two_step,3,2,3,0.9763461538461539,0.5089433324727441,0.6924999999213455,0.2239,inner_oof,1.0,0.6925,0.17978224158287048,1.3738,-7.8901,13,400,8,"bio07,bio10,bio12,bio15,bio17,elevation,A1_dist_waterway,A2_waterway_order",1:3,75,25,0,400,0.2239,"{""subsample"": 0.9, ""n_estimators"": 300, ""min_child_weight"": 1, ""max_depth"": 3, ""learning_rate"": 0.2, ""colsample_bytree"": 0.8}"
XGB,M_SA,uncertainty_zone,3,2,3,0.9866346153846154,0.7163824517514245,0.8680769230035548,0.7722,inner_oof,0.9231,0.945,0.08793595433235168,3.1441,-5.9624,13,400,8,"bio07,bio10,bio12,bio15,bio17,elevation,A1_dist_waterway,A2_waterway_order",1:5,125,25,0,400,0.7722,"{""subsample"": 0.7, ""n_estimators"": 200, ""min_child_weight"": 10, ""max_depth"": 7, ""learning_rate"": 0.05, ""colsample_bytree"": 0.8}"
XGB,M_SP,random,3,2,3,0.9513461538461538,0.32879120429727715,0.6642307691693601,0.8399,inner_oof,0.7692,0.895,0.1140904426574707,0.6849,-3.6752,13,400,9,"bio07,bio10,bio12,bio15,bio17,elevation,P1_pop_density,P2_dist_road,P3_road_density",1:5,125,25,0,400,0.8399,"{""subsample"": 0.7, ""n_estimators"": 300, ""min_child_weight"": 1, ""max_depth"": 5, ""learning_rate"": 0.1, ""colsample_bytree"": 0.6}"
XGB,M_SP,spatial_constrained,3,2,3,0.9266346153846153,0.22297735240214805,0.7905769230037483,0.8248,inner_oof,0.9231,0.8675,0.18883700668811798,0.9932,-4.4593,13,400,9,"bio07,bio10,bio12,bio15,bio17,elevation,P1_pop_density,P2_dist_road,P3_road_density",1:10,250,25,0,400,0.8248,"{""subsample"": 0.9, ""n_estimators"": 100, ""min_child_weight"": 10, ""max_depth"": 7, ""learning_rate"": 0.05, ""colsample_bytree"": 1.0}"
XGB,M_SP,two_step,3,2,3,0.8151923076923078,0.12894635762560291,0.4673076922525006,0.8106,inner_oof,0.6923,0.775,0.3110906481742859,0.8624,-4.1419,13,400,9,"bio07,bio10,bio12,bio15,bio17,elevation,P1_pop_density,P2_dist_road,P3_road_density",1:5,125,25,0,400,0.8106,"{""subsample"": 0.7, ""n_estimators"": 200, ""min_child_weight"": 10, ""max_depth"": 7, ""learning_rate"": 0.05, ""colsample_bytree"": 0.8}"
XGB,M_SP,uncertainty_zone,3,2,3,0.9618269230769231,0.41785339335506555,0.696730769169279,0.8548,inner_oof,0.7692,0.9275,0.07972539216279984,0.852,-3.2833,13,400,9,"bio07,bio10,bio12,bio15,bio17,elevation,P1_pop_density,P2_dist_road,P3_road_density",1:5,125,25,0,400,0.8548,"{""subsample"": 0.7, ""n_estimators"": 300, ""min_child_weight"": 1, ""max_depth"": 5, ""learning_rate"": 0.1, ""colsample_bytree"": 0.6}"
XGB,M_SAP,random,3,2,3,0.9491346153846154,0.2725705633971763,0.8649999999209144,0.7758,inner_oof,1.0,0.865,0.13867227733135223,0.7848,-4.2356,13,400,10,"bio07,bio10,bio12,bio15,bio17,elevation,A1_dist_waterway,A2_waterway_order,P1_pop_density,P3_road_density",1:3,75,25,0,400,0.7758,"{""subsample"": 0.7, ""n_estimators"": 300, ""min_child_weight"": 1, ""max_depth"": 7, ""learning_rate"": 0.1, ""colsample_bytree"": 0.8}"
XGB,M_SAP,spatial_constrained,3,2,3,0.9332692307692306,0.2789568717067471,0.795576923003736,0.8708,inner_oof,0.9231,0.8725,0.20934340357780457,1.0033,-4.8088,13,400,10,"bio07,bio10,bio12,bio15,bio17,elevation,A1_dist_waterway,A2_waterway_order,P1_pop_density,P3_road_density",1:10,250,25,0,400,0.8708,"{""subsample"": 0.9, ""n_estimators"": 100, ""min_child_weight"": 10, ""max_depth"": 7, ""learning_rate"": 0.05, ""colsample_bytree"": 1.0}"
XGB,M_SAP,two_step,3,2,3,0.8673076923076923,0.20460465883667156,0.3617307691701164,0.2117,inner_oof,0.7692,0.5925,0.20059528946876526,0.5836,-3.685,13,400,10,"bio07,bio10,bio12,bio15,bio17,elevation,A1_dist_waterway,A2_waterway_order,P1_pop_density,P3_road_density",1:3,75,25,0,400,0.2117,"{""subsample"": 1.0, ""n_estimators"": 300, ""min_child_weight"": 1, ""max_depth"": 5, ""learning_rate"": 0.1, ""colsample_bytree"": 1.0}"
XGB,M_SAP,uncertainty_zone,3,2,3,0.9645192307692307,0.4322671575818029,0.43903846150051495,0.8512,inner_oof,0.4615,0.9775,0.060306668281555176,0.7285,-2.7636,13,400,10,"bio07,bio10,bio12,bio15,bio17,elevation,A1_dist_waterway,A2_waterway_order,P1_pop_density,P3_road_density",1:5,125,25,0,400,0.8512,"{""subsample"": 0.7, ""n_estimators"": 300, ""min_child_weight"": 1, ""max_depth"": 5, ""learning_rate"": 0.1, ""colsample_bytree"": 0.6}"
MXN,M_S,random,3,2,3,0.9849038461538461,0.7559047881628527,0.9124999999207957,0.814,inner_oof,1.0,0.9125,0.12222192595707831,2.0037,-7.6055,13,400,6,"bio07,bio10,bio12,bio15,bio17,elevation",1:3,75,25,0,400,0.814,"{""l1_ratio"": 0.0, ""C"": 1.0}"
MXN,M_S,spatial_constrained,3,2,3,0.9839423076923076,0.70734696765543,0.8899999999208519,0.4675,inner_oof,1.0,0.89,0.07945984421399732,1.6432,-5.2518,13,400,6,"bio07,bio10,bio12,bio15,bio17,elevation",1:3,75,25,0,400,0.4675,"{""l1_ratio"": 0.0, ""C"": 0.1}"
MXN,M_S,two_step,3,2,3,0.9831730769230768,0.6495471103119621,0.8824999999208707,0.8339,inner_oof,1.0,0.8825,0.17145362917644785,2.0227,-8.1387,13,400,6,"bio07,bio10,bio12,bio15,bio17,elevation",1:3,75,25,0,400,0.8339,"{""l1_ratio"": 0.0, ""C"": 1.0}"
MXN,M_S,uncertainty_zone,3,2,3,0.9804807692307692,0.5825454820890926,0.8599999999209269,0.4691,inner_oof,1.0,0.86,0.08167297228815651,2.8778,-5.8916,13,400,6,"bio07,bio10,bio12,bio15,bio17,elevation",1:3,75,25,0,400,0.4691,"{""l1_ratio"": 0.0, ""C"": 0.1}"
MXN,M_SA,random,3,2,3,0.9758653846153846,0.6533588808212611,0.7811538460864198,0.94,inner_oof,0.8462,0.935,0.11579141578487143,1.3022,-5.6073,13,400,8,"bio07,bio10,bio12,bio15,bio17,elevation,A1_dist_waterway,A2_waterway_order",1:1,25,25,0,400,0.94,"{""l1_ratio"": 0.75, ""C"": 5.0}"
MXN,M_SA,spatial_constrained,3,2,3,0.6370192307692307,0.04407734239710149,0.4324999999219956,0.5404,inner_oof,1.0,0.4325,0.34132785707108193,0.9564,-4.0466,13,400,8,"bio07,bio10,bio12,bio15,bio17,elevation,A1_dist_waterway,A2_waterway_order",1:1,25,25,0,400,0.5404,"{""l1_ratio"": 0.25, ""C"": 0.05}"
MXN,M_SA,two_step,3,2,3,0.8845192307692308,0.1289216226732017,0.5049999999218144,0.947,inner_oof,1.0,0.505,0.5358287630239775,0.7193,-7.8432,13,400,8,"bio07,bio10,bio12,bio15,bio17,elevation,A1_dist_waterway,A2_waterway_order",1:1,25,25,0,400,0.947,"{""l1_ratio"": 0.75, ""C"": 5.0}"
MXN,M_SA,uncertainty_zone,3,2,3,0.9837499999999999,0.6954273345819508,0.8649999999209144,0.1349,inner_oof,1.0,0.865,0.05274920620745857,1.248,-3.6097,13,400,8,"bio07,bio10,bio12,bio15,bio17,elevation,A1_dist_waterway,A2_waterway_order",1:5,125,25,0,400,0.1349,"{""l1_ratio"": 0.5, ""C"": 0.5}"
MXN,M_SP,random,3,2,3,0.9816346153846154,0.6010188641767589,0.9024999999208205,0.6572,inner_oof,1.0,0.9025,0.08437922105751824,1.3004,-4.9865,13,400,9,"bio07,bio10,bio12,bio15,bio17,elevation,P1_pop_density,P2_dist_road,P3_road_density",1:1,25,25,0,400,0.6572,"{""l1_ratio"": 0.75, ""C"": 5.0}"
MXN,M_SP,spatial_constrained,3,2,3,0.9847115384615385,0.6915218115218116,0.8049999999210644,0.1192,inner_oof,1.0,0.805,0.06276709888095028,1.6376,-4.7237,13,400,9,"bio07,bio10,bio12,bio15,bio17,elevation,P1_pop_density,P2_dist_road,P3_road_density",1:3,75,25,0,400,0.1192,"{""l1_ratio"": 0.0, ""C"": 0.1}"
MXN,M_SP,two_step,3,2,3,0.9695192307692309,0.40286960538003747,0.5874999999216082,0.7763,inner_oof,1.0,0.5875,0.4203161153653856,1.4766,-7.9287,13,400,9,"bio07,bio10,bio12,bio15,bio17,elevation,P1_pop_density,P2_dist_road,P3_road_density",1:5,125,25,0,400,0.7763,"{""l1_ratio"": 0.5, ""C"": 0.5}"
MXN,M_SP,uncertainty_zone,3,2,3,0.9839423076923077,0.6144125105663567,0.8724999999208958,0.0048,inner_oof,1.0,0.8725,0.03020432564150292,0.6599,-1.9236,13,400,9,"bio07,bio10,bio12,bio15,bio17,elevation,P1_pop_density,P2_dist_road,P3_road_density",1:3,75,25,0,400,0.0048,"{""l1_ratio"": 0.0, ""C"": 1.0}"
MXN,M_SAP,random,3,2,3,0.97875,0.5323185741451995,0.7886538460864012,0.9059,inner_oof,0.8462,0.9425,0.08840133428749844,1.1947,-4.8224,13,400,10,"bio07,bio10,bio12,bio15,bio17,elevation,A1_dist_waterway,A2_waterway_order,P1_pop_density,P3_road_density",1:1,25,25,0,400,0.9059,"{""l1_ratio"": 0.75, ""C"": 5.0}"
MXN,M_SAP,spatial_constrained,3,2,3,0.9820192307692307,0.612110890617678,0.9049999999208143,0.4335,inner_oof,1.0,0.905,0.0702024883461575,1.4702,-4.5663,13,400,10,"bio07,bio10,bio12,bio15,bio17,elevation,A1_dist_waterway,A2_waterway_order,P1_pop_density,P3_road_density",1:3,75,25,0,400,0.4335,"{""l1_ratio"": 0.0, ""C"": 0.1}"
MXN,M_SAP,two_step,3,2,3,0.8970192307692307,0.19041491495022006,0.5905769230042486,0.6533,inner_oof,0.9231,0.6675,0.31744964951543037,0.7733,-4.3798,13,400,10,"bio07,bio10,bio12,bio15,bio17,elevation,A1_dist_waterway,A2_waterway_order,P1_pop_density,P3_road_density",1:10,250,25,0,400,0.6533,"{""l1_ratio"": 0.5, ""C"": 0.05}"
MXN,M_SAP,uncertainty_zone,3,2,3,0.9766346153846154,0.5235229527399706,0.7574999999211831,0.3856,inner_oof,1.0,0.7575,0.09865412747512273,6.6129,-6.0161,13,400,10,"bio07,bio10,bio12,bio15,bio17,elevation,A1_dist_waterway,A2_waterway_order,P1_pop_density,P3_road_density",1:3,75,25,0,400,0.3856,"{""l1_ratio"": 0.0, ""C"": 0.01}"
RF,M_S,random,3,3,3,0.9783333333333333,0.8053751836651974,0.6666666666086112,0.3045,inner_oof,0.6667,1.0,0.016594133489641814,3.4993,2.832,12,400,5,"bio07,bio10,bio12,bio15,bio17",1:10,260,26,0,400,0.3045,"{""n_estimators"": 100, ""min_samples_leaf"": 2, ""max_features"": ""sqrt"", ""max_depth"": 20}"
RF,M_S,spatial_constrained,3,3,3,0.9075000000000001,0.7014217547326815,0.65916666660863,0.65,inner_oof,0.6667,0.9925,0.1522873786407767,4.3857,-3.5291,12,400,5,"bio07,bio10,bio12,bio15,bio17",1:1,26,26,0,400,0.65,"{""n_estimators"": 100, ""min_samples_leaf"": 1, ""max_features"": ""sqrt"", ""max_depth"": null}"
RF,M_S,two_step,3,3,3,0.9273958333333334,0.4082315549808935,0.08333333332388881,0.81,inner_oof,0.0833,1.0,0.0555383495145631,1.0192,-2.0981,12,400,5,"bio07,bio10,bio12,bio15,bio17",1:10,260,26,0,400,0.81,"{""n_estimators"": 200, ""min_samples_leaf"": 1, ""max_features"": ""sqrt"", ""max_depth"": null}"
RF,M_S,uncertainty_zone,3,3,3,0.7970833333333334,0.1889170318726281,0.07583333332390763,0.5924,inner_oof,0.0833,0.9925,0.09202098287796107,1.7266,-2.161,12,400,5,"bio07,bio10,bio12,bio15,bio17",1:10,260,26,0,400,0.5924,"{""n_estimators"": 100, ""min_samples_leaf"": 2, ""max_features"": ""sqrt"", ""max_depth"": 20}"
RF,M_SA,random,3,3,3,0.90125,0.7563501779977425,0.16666666665027785,0.65,inner_oof,0.1667,1.0,0.023012215740886872,2.7169,0.9119,12,400,7,"bio07,bio10,bio12,bio15,bio17,A1_dist_waterway,A2_waterway_order",1:3,78,26,0,400,0.65,"{""n_estimators"": 300, ""min_samples_leaf"": 1, ""max_features"": 0.7, ""max_depth"": 5}"
RF,M_SA,spatial_constrained,3,3,3,0.8951041666666667,0.6759926616354266,0.24999999997666666,0.5833,inner_oof,0.25,1.0,0.039647469149398,2.5336,-0.6786,12,400,7,"bio07,bio10,bio12,bio15,bio17,A1_dist_waterway,A2_waterway_order",1:3,78,26,0,400,0.5833,"{""n_estimators"": 300, ""min_samples_leaf"": 1, ""max_features"": 0.7, ""max_depth"": 5}"
RF,M_SA,two_step,3,3,3,0.9633333333333334,0.8579738562091505,0.08333333332388881,0.76,inner_oof,0.0833,1.0,0.017432827669902912,3.833,2.6445,12,400,7,"bio07,bio10,bio12,bio15,bio17,A1_dist_waterway,A2_waterway_order",1:10,260,26,0,400,0.76,"{""n_estimators"": 200, ""min_samples_leaf"": 1, ""max_features"": ""sqrt"", ""max_depth"": null}"
RF,M_SA,uncertainty_zone,3,3,3,0.8064583333333334,0.20862081293322587,0.09916666665044649,0.4472,inner_oof,0.1667,0.9325,0.05854812402745155,1.2679,-1.9105,12,400,7,"bio07,bio10,bio12,bio15,bio17,A1_dist_waterway,A2_waterway_order",1:10,260,26,0,400,0.4472,"{""n_estimators"": 100, ""min_samples_leaf"": 2, ""max_features"": 0.7, ""max_depth"": 5}"
RF,M_SP,random,3,3,3,0.9997916666666666,0.9935897435897437,0.749999999935,0.32,inner_oof,0.75,1.0,0.012470934466019419,9.4844,10.6704,12,400,8,"bio07,bio10,bio12,bio15,bio17,P1_pop_density,P2_dist_road,P3_road_density",1:10,260,26,0,400,0.32,"{""n_estimators"": 200, ""min_samples_leaf"": 1, ""max_features"": ""sqrt"", ""max_depth"": null}"
RF,M_SP,spatial_constrained,3,3,3,0.9712500000000001,0.7683719466557802,0.6666666666086112,0.4977,inner_oof,0.6667,1.0,0.03115945030811238,3.8866,0.3069,12,400,8,"bio07,bio10,bio12,bio15,bio17,P1_pop_density,P2_dist_road,P3_road_density",1:3,78,26,0,400,0.4977,"{""n_estimators"": 300, ""min_samples_leaf"": 1, ""max_features"": 0.7, ""max_depth"": 5}"
RF,M_SP,two_step,3,3,3,0.9895833333333334,0.9327956989247314,0.8591666665879214,0.4895,inner_oof,0.9167,0.9425,0.06456939976856439,5.6947,-3.7259,12,400,8,"bio07,bio10,bio12,bio15,bio17,P1_pop_density,P2_dist_road,P3_road_density",1:3,78,26,0,400,0.4895,"{""n_estimators"": 300, ""min_samples_leaf"": 2, ""max_features"": ""sqrt"", ""max_depth"": null}"
RF,M_SP,uncertainty_zone,3,3,3,0.8889583333333333,0.2445422762129992,0.08333333332388881,0.4707,inner_oof,0.0833,1.0,0.03135260980294062,1.5656,-0.4919,12,400,8,"bio07,bio10,bio12,bio15,bio17,P1_pop_density,P2_dist_road,P3_road_density",1:10,260,26,0,400,0.4707,"{""n_estimators"": 100, ""min_samples_leaf"": 2, ""max_features"": ""sqrt"", ""max_depth"": 20}"
RF,M_SAP,random,3,3,3,0.9951041666666667,0.9100694444444445,0.6666666666086112,0.335,inner_oof,0.6667,1.0,0.012826699029126214,3.3742,3.6293,12,400,9,"bio07,bio10,bio12,bio15,bio17,A1_dist_waterway,A2_waterway_order,P1_pop_density,P3_road_density",1:10,260,26,0,400,0.335,"{""n_estimators"": 200, ""min_samples_leaf"": 1, ""max_features"": ""sqrt"", ""max_depth"": null}"
RF,M_SAP,spatial_constrained,3,3,3,0.9329166666666666,0.6706575405162669,0.24999999997666666,0.5536,inner_oof,0.25,1.0,0.04216210317003535,3.0676,-0.4972,12,400,9,"bio07,bio10,bio12,bio15,bio17,A1_dist_waterway,A2_waterway_order,P1_pop_density,P3_road_density",1:3,78,26,0,400,0.5536,"{""n_estimators"": 300, ""min_samples_leaf"": 1, ""max_features"": 0.7, ""max_depth"": 5}"
RF,M_SAP,two_step,3,3,3,0.9835416666666668,0.8131294041262578,0.8599999999145167,0.4823,inner_oof,1.0,0.86,0.06831830412525043,3.8682,-4.4714,12,400,9,"bio07,bio10,bio12,bio15,bio17,A1_dist_waterway,A2_waterway_order,P1_pop_density,P3_road_density",1:10,260,26,0,400,0.4823,"{""n_estimators"": 100, ""min_samples_leaf"": 2, ""max_features"": ""sqrt"", ""max_depth"": 20}"
RF,M_SAP,uncertainty_zone,3,3,3,0.8212499999999999,0.2076589465482593,0.07583333332390763,0.5011,inner_oof,0.0833,0.9925,0.05785823583190694,2.0912,-1.2342,12,400,9,"bio07,bio10,bio12,bio15,bio17,A1_dist_waterway,A2_waterway_order,P1_pop_density,P3_road_density",1:3,78,26,0,400,0.5011,"{""n_estimators"": 300, ""min_samples_leaf"": 2, ""max_features"": ""sqrt"", ""max_depth"": null}"
XGB,M_S,random,3,3,3,0.8322916666666668,0.44718458988314735,0.08333333332388881,0.5069,inner_oof,0.0833,1.0,0.022094134241342545,0.7422,-0.0097,12,400,5,"bio07,bio10,bio12,bio15,bio17",1:10,260,26,0,400,0.5069,"{""subsample"": 0.9, ""n_estimators"": 300, ""min_child_weight"": 5, ""max_depth"": 3, ""learning_rate"": 0.2, ""colsample_bytree"": 1.0}"
XGB,M_S,spatial_constrained,3,3,3,0.87625,0.3857091100916296,0.16666666665027785,0.716,inner_oof,0.1667,1.0,0.026461001485586166,0.761,-1.3117,12,400,5,"bio07,bio10,bio12,bio15,bio17",1:10,260,26,0,400,0.716,"{""subsample"": 0.9, ""n_estimators"": 300, ""min_child_weight"": 5, ""max_depth"": 3, ""learning_rate"": 0.2, ""colsample_bytree"": 1.0}"
XGB,M_S,two_step,3,3,3,0.8985416666666667,0.20723602959812126,0.7008333332617203,0.943,inner_oof,0.8333,0.8675,0.12868422269821167,0.3791,-3.5637,12,400,5,"bio07,bio10,bio12,bio15,bio17",1:5,130,26,0,400,0.943,"{""subsample"": 0.9, ""n_estimators"": 200, ""min_child_weight"": 1, ""max_depth"": 5, ""learning_rate"": 0.1, ""colsample_bytree"": 0.8}"
XGB,M_S,uncertainty_zone,3,3,3,0.8489583333333333,0.254689016825524,0.22583333330332422,0.9101,inner_oof,0.3333,0.8925,0.2446061074733734,0.5089,-3.795,12,400,5,"bio07,bio10,bio12,bio15,bio17",1:10,260,26,0,400,0.9101,"{""subsample"": 0.9, ""n_estimators"": 300, ""min_child_weight"": 5, ""max_depth"": 3, ""learning_rate"": 0.2, ""colsample_bytree"": 1.0}"
XGB,M_SA,random,3,3,3,0.8783333333333333,0.6909422101562768,0.16666666665027785,0.8216,inner_oof,0.1667,1.0,0.019115038216114044,1.29,-0.3835,12,400,7,"bio07,bio10,bio12,bio15,bio17,A1_dist_waterway,A2_waterway_order",1:10,260,26,0,400,0.8216,"{""subsample"": 0.9, ""n_estimators"": 200, ""min_child_weight"": 10, ""max_depth"": 3, ""learning_rate"": 0.1, ""colsample_bytree"": 0.8}"
XGB,M_SA,spatial_constrained,3,3,3,0.7810416666666666,0.2073270438896236,0.1391666666503466,0.3947,inner_oof,0.1667,0.9725,0.030897406861186028,0.437,-1.768,12,400,7,"bio07,bio10,bio12,bio15,bio17,A1_dist_waterway,A2_waterway_order",1:10,260,26,0,400,0.3947,"{""subsample"": 0.9, ""n_estimators"": 300, ""min_child_weight"": 5, ""max_depth"": 3, ""learning_rate"": 0.2, ""colsample_bytree"": 1.0}"
XGB,M_SA,two_step,3,3,3,0.9358333333333333,0.6433411169826482,0.3258333333030743,0.8241,inner_oof,0.3333,0.9925,0.08024317771196365,1.5926,-3.0107,12,400,7,"bio07,bio10,bio12,bio15,bio17,A1_dist_waterway,A2_waterway_order",1:10,260,26,0,400,0.8241,"{""subsample"": 0.9, ""n_estimators"": 200, ""min_child_weight"": 10, ""max_depth"": 3, ""learning_rate"": 0.1, ""colsample_bytree"": 0.8}"
XGB,M_SA,uncertainty_zone,3,3,3,0.9625,0.502823252976973,0.6924999999351438,0.7269,inner_oof,0.75,0.9425,0.06052595004439354,0.8511,-2.8274,12,400,7,"bio07,bio10,bio12,bio15,bio17,A1_dist_waterway,A2_waterway_order",1:10,260,26,0,400,0.7269,"{""subsample"": 0.9, ""n_estimators"": 300, ""min_child_weight"": 5, ""max_depth"": 3, ""learning_rate"": 0.2, ""colsample_bytree"": 1.0}"
XGB,M_SP,random,3,3,3,0.9289583333333333,0.6322337515966907,0.08333333332388881,0.6919,inner_oof,0.0833,1.0,0.019041961058974266,1.944,0.6273,12,400,8,"bio07,bio10,bio12,bio15,bio17,P1_pop_density,P2_dist_road,P3_road_density",1:10,260,26,0,400,0.6919,"{""subsample"": 0.9, ""n_estimators"": 200, ""min_child_weight"": 10, ""max_depth"": 3, ""learning_rate"": 0.1, ""colsample_bytree"": 0.8}"
XGB,M_SP,spatial_constrained,3,3,3,0.9043750000000002,0.5333447224072224,0.08333333332388881,0.7819,inner_oof,0.0833,1.0,0.019977334886789322,0.9465,-0.1949,12,400,8,"bio07,bio10,bio12,bio15,bio17,P1_pop_density,P2_dist_road,P3_road_density",1:10,260,26,0,400,0.7819,"{""subsample"": 0.9, ""n_estimators"": 300, ""min_child_weight"": 5, ""max_depth"": 3, ""learning_rate"": 0.2, ""colsample_bytree"": 1.0}"
XGB,M_SP,two_step,3,3,3,0.979375,0.9256756756756758,0.9166666665877776,0.801,inner_oof,0.9167,1.0,0.08610028028488159,3.3999,-5.1798,12,400,8,"bio07,bio10,bio12,bio15,bio17,P1_pop_density,P2_dist_road,P3_road_density",1:10,260,26,0,400,0.801,"{""subsample"": 0.9, ""n_estimators"": 200, ""min_child_weight"": 10, ""max_depth"": 3, ""learning_rate"": 0.1, ""colsample_bytree"": 0.8}"
XGB,M_SP,uncertainty_zone,3,3,3,0.9479166666666666,0.3378373646365205,0.7824999999147104,0.0173,inner_oof,1.0,0.7825,0.052755262702703476,0.5676,-2.0826,12,400,8,"bio07,bio10,bio12,bio15,bio17,P1_pop_density,P2_dist_road,P3_road_density",1:5,130,26,0,400,0.0173,"{""subsample"": 0.7, ""n_estimators"": 300, ""min_child_weight"": 1, ""max_depth"": 5, ""learning_rate"": 0.2, ""colsample_bytree"": 1.0}"
XGB,M_SAP,random,3,3,3,0.8983333333333333,0.6863745165826791,0.16666666665027785,0.5765,inner_oof,0.1667,1.0,0.02076522447168827,1.4195,-0.4992,12,400,9,"bio07,bio10,bio12,bio15,bio17,A1_dist_waterway,A2_waterway_order,P1_pop_density,P3_road_density",1:10,260,26,0,400,0.5765,"{""subsample"": 0.9, ""n_estimators"": 200, ""min_child_weight"": 10, ""max_depth"": 3, ""learning_rate"": 0.1, ""colsample_bytree"": 0.8}"
XGB,M_SAP,spatial_constrained,3,3,3,0.8475,0.3193634060557742,0.07833333332390136,0.5943,inner_oof,0.0833,0.995,0.025658778846263885,0.6406,-0.9365,12,400,9,"bio07,bio10,bio12,bio15,bio17,A1_dist_waterway,A2_waterway_order,P1_pop_density,P3_road_density",1:10,260,26,0,400,0.5943,"{""subsample"": 0.9, ""n_estimators"": 300, ""min_child_weight"": 5, ""max_depth"": 3, ""learning_rate"": 0.2, ""colsample_bytree"": 1.0}"
XGB,M_SAP,two_step,3,3,3,0.9712500000000001,0.7480568995274879,0.8166666665880278,0.7585,inner_oof,0.9167,0.9,0.14163030683994293,2.0561,-5.7892,12,400,9,"bio07,bio10,bio12,bio15,bio17,A1_dist_waterway,A2_waterway_order,P1_pop_density,P3_road_density",1:10,260,26,0,400,0.7585,"{""subsample"": 0.9, ""n_estimators"": 200, ""min_child_weight"": 10, ""max_depth"": 3, ""learning_rate"": 0.1, ""colsample_bytree"": 0.8}"
XGB,M_SAP,uncertainty_zone,3,3,3,0.965625,0.6319784861835553,0.6799999999149666,0.0273,inner_oof,1.0,0.68,0.021975351497530937,1.0434,-1.1312,12,400,9,"bio07,bio10,bio12,bio15,bio17,A1_dist_waterway,A2_waterway_order,P1_pop_density,P3_road_density",1:5,130,26,0,400,0.0273,"{""subsample"": 1.0, ""n_estimators"": 200, ""min_child_weight"": 1, ""max_depth"": 7, ""learning_rate"": 0.2, ""colsample_bytree"": 0.6}"
MXN,M_S,random,3,3,3,0.9214583333333334,0.6602425215500874,0.4141666666294508,0.8484,inner_oof,0.4167,0.9975,0.12032849593690548,1.7512,-3.7486,12,400,5,"bio07,bio10,bio12,bio15,bio17",1:1,26,26,0,400,0.8484,"{""l1_ratio"": 1.0, ""C"": 1.0}"
MXN,M_S,spatial_constrained,3,3,3,0.9347916666666667,0.7105679004229396,0.684166666588359,0.1912,inner_oof,0.9167,0.7675,0.06298576742184077,1.3722,-2.6991,12,400,5,"bio07,bio10,bio12,bio15,bio17",1:1,26,26,0,400,0.1912,"{""l1_ratio"": 1.0, ""C"": 1.0}"
MXN,M_S,two_step,3,3,3,0.9422916666666667,0.7168690432806726,0.6466666666086611,0.9822,inner_oof,0.6667,0.98,0.22896442148708432,1.1435,-5.8834,12,400,5,"bio07,bio10,bio12,bio15,bio17",1:1,26,26,0,400,0.9822,"{""l1_ratio"": 0.75, ""C"": 5.0}"
MXN,M_S,uncertainty_zone,3,3,3,0.9189583333333333,0.7066433566433568,0.6341666666086923,0.8262,inner_oof,0.6667,0.9675,0.09751952984551282,1.1707,-3.4759,12,400,5,"bio07,bio10,bio12,bio15,bio17",1:1,26,26,0,400,0.8262,"{""l1_ratio"": 1.0, ""C"": 1.0}"
MXN,M_SA,random,3,3,3,0.9310416666666667,0.7104750439886637,0.5941666666087924,0.6506,inner_oof,0.6667,0.9275,0.10230823717013986,2.078,-3.612,12,400,7,"bio07,bio10,bio12,bio15,bio17,A1_dist_waterway,A2_waterway_order",1:1,26,26,0,400,0.6506,"{""l1_ratio"": 1.0, ""C"": 1.0}"
MXN,M_SA,spatial_constrained,3,3,3,0.9466666666666667,0.7252370140711366,0.08333333332388881,0.9017,inner_oof,0.0833,1.0,0.04386100012677102,1.5771,-2.2441,12,400,7,"bio07,bio10,bio12,bio15,bio17,A1_dist_waterway,A2_waterway_order",1:1,26,26,0,400,0.9017,"{""l1_ratio"": 1.0, ""C"": 1.0}"
MXN,M_SA,two_step,3,3,3,0.9775,0.8747464503042598,0.08333333332388881,0.9798,inner_oof,0.0833,1.0,0.03972284177247302,1.9892,-3.0091,12,400,7,"bio07,bio10,bio12,bio15,bio17,A1_dist_waterway,A2_waterway_order",1:10,260,26,0,400,0.9798,"{""l1_ratio"": 0.5, ""C"": 0.5}"
MXN,M_SA,uncertainty_zone,3,3,3,0.895,0.38680202959633314,0.5799999999354251,0.428,inner_oof,0.75,0.83,0.08199321680007698,1.6615,-2.4939,12,400,7,"bio07,bio10,bio12,bio15,bio17,A1_dist_waterway,A2_waterway_order",1:5,130,26,0,400,0.428,"{""l1_ratio"": 0.5, ""C"": 0.1}"
MXN,M_SP,random,3,3,3,0.9666666666666666,0.8123491795366795,0.6666666666086112,0.8518,inner_oof,0.6667,1.0,0.06917923299477274,2.5005,-3.6057,12,400,8,"bio07,bio10,bio12,bio15,bio17,P1_pop_density,P2_dist_road,P3_road_density",1:1,26,26,0,400,0.8518,"{""l1_ratio"": 1.0, ""C"": 1.0}"
MXN,M_SP,spatial_constrained,3,3,3,0.9522916666666666,0.7192457592011164,0.24999999997666666,0.8582,inner_oof,0.25,1.0,0.04457217236712613,1.5819,-2.19,12,400,8,"bio07,bio10,bio12,bio15,bio17,P1_pop_density,P2_dist_road,P3_road_density",1:1,26,26,0,400,0.8582,"{""l1_ratio"": 1.0, ""C"": 1.0}"
MXN,M_SP,two_step,3,3,3,0.9954166666666666,0.8716464363523186,0.7399999999350251,0.9603,inner_oof,0.75,0.99,0.03410289410025329,0.8156,-3.55,12,400,8,"bio07,bio10,bio12,bio15,bio17,P1_pop_density,P2_dist_road,P3_road_density",1:1,26,26,0,400,0.9603,"{""l1_ratio"": 0.75, ""C"": 5.0}"
MXN,M_SP,uncertainty_zone,3,3,3,0.938125,0.722587758069255,0.5416666665887151,0.1806,inner_oof,0.9167,0.625,0.05037392823515223,2.2349,-1.9772,12,400,8,"bio07,bio10,bio12,bio15,bio17,P1_pop_density,P2_dist_road,P3_road_density",1:5,130,26,0,400,0.1806,"{""l1_ratio"": 0.5, ""C"": 0.1}"
MXN,M_SAP,random,3,3,3,0.960625,0.8035289115646258,0.68999999993515,0.6018,inner_oof,0.75,0.94,0.07866215416995197,2.4224,-3.7747,12,400,9,"bio07,bio10,bio12,bio15,bio17,A1_dist_waterway,A2_waterway_order,P1_pop_density,P3_road_density",1:1,26,26,0,400,0.6018,"{""l1_ratio"": 1.0, ""C"": 1.0}"
MXN,M_SAP,spatial_constrained,3,3,3,0.9602083333333333,0.7310842310842312,0.08333333332388881,0.8508,inner_oof,0.0833,1.0,0.031857096156080095,1.7696,-1.6754,12,400,9,"bio07,bio10,bio12,bio15,bio17,A1_dist_waterway,A2_waterway_order,P1_pop_density,P3_road_density",1:1,26,26,0,400,0.8508,"{""l1_ratio"": 1.0, ""C"": 1.0}"
MXN,M_SAP,two_step,3,3,3,0.998125,0.92889911014911,0.9141666665877839,0.8974,inner_oof,0.9167,0.9975,0.05332113312687453,1.1494,-3.73,12,400,9,"bio07,bio10,bio12,bio15,bio17,A1_dist_waterway,A2_waterway_order,P1_pop_density,P3_road_density",1:3,78,26,0,400,0.8974,"{""l1_ratio"": 0.25, ""C"": 0.5}"
MXN,M_SAP,uncertainty_zone,3,3,3,0.585,0.03778855977961593,0.08499999995687091,0.7343,inner_oof,0.5,0.585,0.4083600928974702,0.0271,-3.5369,12,400,9,"bio07,bio10,bio12,bio15,bio17,A1_dist_waterway,A2_waterway_order,P1_pop_density,P3_road_density",1:1,26,26,0,400,0.7343,"{""l1_ratio"": 1.0, ""C"": 1.0}"
RF,M_S,random,4,1,3,0.725673076923077,0.20678182062746514,0.440961538417862,0.1628,inner_oof,0.5385,0.9025,0.0443941724581625,1.7438,-0.694,13,400,5,"bio04,bio07,bio10,bio15,bio17",1:10,250,25,0,400,0.1628,"{""n_estimators"": 200, ""min_samples_leaf"": 10, ""max_features"": 0.7, ""max_depth"": 5}"
RF,M_S,spatial_constrained,4,1,3,0.7952884615384616,0.2760644378915745,0.06942307691467864,0.6464,inner_oof,0.0769,0.9925,0.05585798979071937,1.558,-1.5021,13,400,5,"bio04,bio07,bio10,bio15,bio17",1:1,25,25,0,400,0.6464,"{""n_estimators"": 200, ""min_samples_leaf"": 2, ""max_features"": ""sqrt"", ""max_depth"": 5}"
RF,M_S,two_step,4,1,3,0.7138461538461538,0.3173157271427944,0.4234615384179059,0.375,inner_oof,0.5385,0.885,0.07088093220338983,0.7459,-2.6907,13,400,5,"bio04,bio07,bio10,bio15,bio17",1:10,250,25,0,400,0.375,"{""n_estimators"": 200, ""min_samples_leaf"": 1, ""max_features"": 0.7, ""max_depth"": 20}"
RF,M_S,uncertainty_zone,4,1,3,0.7235576923076923,0.20610702809410314,-0.024423076994214088,0.1266,inner_oof,0.9231,0.0525,0.049342473485309075,1.0459,-1.9168,13,400,5,"bio04,bio07,bio10,bio15,bio17",1:10,250,25,0,400,0.1266,"{""n_estimators"": 200, ""min_samples_leaf"": 10, ""max_features"": 0.7, ""max_depth"": 5}"
RF,M_SA,random,4,1,3,0.7522115384615384,0.13983953474372596,0.27057692300504854,0.18,inner_oof,0.9231,0.3475,0.1804278450363196,0.9948,-3.2069,13,400,6,"bio07,bio10,bio15,bio17,A1_dist_waterway,A2_waterway_order",1:5,125,25,0,400,0.18,"{""n_estimators"": 100, ""min_samples_leaf"": 1, ""max_features"": ""sqrt"", ""max_depth"": 10}"
RF,M_SA,spatial_constrained,4,1,3,0.7677884615384616,0.13452907414969575,0.3736538460874388,0.1528,inner_oof,0.8462,0.5275,0.14759809937144971,0.6497,-2.9909,13,400,6,"bio07,bio10,bio15,bio17,A1_dist_waterway,A2_waterway_order",1:5,125,25,0,400,0.1528,"{""n_estimators"": 300, ""min_samples_leaf"": 2, ""max_features"": ""sqrt"", ""max_depth"": null}"
RF,M_SA,two_step,4,1,3,0.8150000000000001,0.23836912511164482,0.4440384615005024,0.85,inner_oof,0.4615,0.9825,0.30447869249394677,1.2172,-4.1989,13,400,6,"bio07,bio10,bio15,bio17,A1_dist_waterway,A2_waterway_order",1:3,75,25,0,400,0.85,"{""n_estimators"": 100, ""min_samples_leaf"": 1, ""max_features"": 0.5, ""max_depth"": 20}"
RF,M_SA,uncertainty_zone,4,1,3,0.818076923076923,0.2628625856297192,0.09249999992284552,0.075,inner_oof,1.0,0.0925,0.21741803874092008,0.8384,-3.5235,13,400,6,"bio07,bio10,bio15,bio17,A1_dist_waterway,A2_waterway_order",1:10,250,25,0,400,0.075,"{""n_estimators"": 200, ""min_samples_leaf"": 1, ""max_features"": 0.7, ""max_depth"": 20}"
RF,M_SP,random,4,1,3,0.8000961538461538,0.10744863124445288,0.5017307691697663,0.33,inner_oof,0.7692,0.7325,0.11470992736077482,0.8705,-2.7718,13,400,8,"bio07,bio10,bio15,bio17,P1_pop_density,P2_dist_road,P3_road_density,P4_dist_urban",1:5,125,25,0,400,0.33,"{""n_estimators"": 100, ""min_samples_leaf"": 1, ""max_features"": ""sqrt"", ""max_depth"": 10}"
RF,M_SP,spatial_constrained,4,1,3,0.8022115384615385,0.13064219783450962,0.2290384615010399,0.469,inner_oof,0.4615,0.7675,0.13213527130635236,0.8279,-2.899,13,400,8,"bio07,bio10,bio15,bio17,P1_pop_density,P2_dist_road,P3_road_density,P4_dist_urban",1:1,25,25,0,400,0.469,"{""n_estimators"": 200, ""min_samples_leaf"": 2, ""max_features"": ""sqrt"", ""max_depth"": 5}"
RF,M_SP,two_step,4,1,3,0.8196153846153846,0.17827440359053437,0.5661538460869573,0.3911,inner_oof,0.8462,0.72,0.1605726264575214,1.0498,-3.2162,13,400,8,"bio07,bio10,bio15,bio17,P1_pop_density,P2_dist_road,P3_road_density,P4_dist_urban",1:3,75,25,0,400,0.3911,"{""n_estimators"": 100, ""min_samples_leaf"": 5, ""max_features"": ""sqrt"", ""max_depth"": null}"
RF,M_SP,uncertainty_zone,4,1,3,0.7939423076923077,0.09638337874490895,0.147499999922708,0.1767,inner_oof,1.0,0.1475,0.1247491281951844,1.4623,-2.716,13,400,8,"bio07,bio10,bio15,bio17,P1_pop_density,P2_dist_road,P3_road_density,P4_dist_urban",1:3,75,25,0,400,0.1767,"{""n_estimators"": 200, ""min_samples_leaf"": 1, ""max_features"": 0.5, ""max_depth"": 5}"
RF,M_SAP,random,4,1,3,0.813846153846154,0.10951041227791213,0.6424999999214707,0.3695,inner_oof,1.0,0.6425,0.1570162045897665,0.9774,-3.1772,13,400,9,"bio07,bio10,bio15,bio17,A1_dist_waterway,A2_waterway_order,P1_pop_density,P3_road_density,P4_dist_urban",1:3,75,25,0,400,0.3695,"{""n_estimators"": 100, ""min_samples_leaf"": 5, ""max_features"": ""sqrt"", ""max_depth"": null}"
RF,M_SAP,spatial_constrained,4,1,3,0.777596153846154,0.12932863566646316,0.30096153841821227,0.4654,inner_oof,0.5385,0.7625,0.1576852588608458,0.6581,-3.057,13,400,9,"bio07,bio10,bio15,bio17,A1_dist_waterway,A2_waterway_order,P1_pop_density,P3_road_density,P4_dist_urban",1:1,25,25,0,400,0.4654,"{""n_estimators"": 200, ""min_samples_leaf"": 2, ""max_features"": ""sqrt"", ""max_depth"": 5}"
RF,M_SAP,two_step,4,1,3,0.8086538461538462,0.14466807453980782,0.5305769230043984,0.4251,inner_oof,0.9231,0.6075,0.1853309617846613,1.2681,-3.3624,13,400,9,"bio07,bio10,bio15,bio17,A1_dist_waterway,A2_waterway_order,P1_pop_density,P3_road_density,P4_dist_urban",1:3,75,25,0,400,0.4251,"{""n_estimators"": 100, ""min_samples_leaf"": 5, ""max_features"": ""sqrt"", ""max_depth"": null}"
RF,M_SAP,uncertainty_zone,4,1,3,0.8175,0.13828969077836017,0.03749999992298303,0.0913,inner_oof,1.0,0.0375,0.13983982769282105,1.1994,-3.0147,13,400,9,"bio07,bio10,bio15,bio17,A1_dist_waterway,A2_waterway_order,P1_pop_density,P3_road_density,P4_dist_urban",1:10,250,25,0,400,0.0913,"{""n_estimators"": 200, ""min_samples_leaf"": 10, ""max_features"": 0.7, ""max_depth"": 5}"
XGB,M_S,random,4,1,3,0.6345192307692308,0.13476176739293608,-0.012500000002468759,0.9812,inner_oof,0.0,0.9875,0.09545271843671799,0.5687,-3.1004,13,400,5,"bio04,bio07,bio10,bio15,bio17",1:3,75,25,0,400,0.9812,"{""subsample"": 0.9, ""n_estimators"": 300, ""min_child_weight"": 1, ""max_depth"": 5, ""learning_rate"": 0.05, ""colsample_bytree"": 0.8}"
XGB,M_S,spatial_constrained,4,1,3,0.7083653846153846,0.19829772571230375,0.21576923074901688,0.6252,inner_oof,0.2308,0.985,0.05989866331219673,0.7424,-2.4269,13,400,5,"bio04,bio07,bio10,bio15,bio17",1:5,125,25,0,400,0.6252,"{""subsample"": 0.9, ""n_estimators"": 100, ""min_child_weight"": 1, ""max_depth"": 3, ""learning_rate"": 0.05, ""colsample_bytree"": 0.6}"
XGB,M_S,two_step,4,1,3,0.7711538461538461,0.2240917790871324,0.4784615384177684,0.4742,inner_oof,0.5385,0.94,0.07247262448072433,0.6916,-2.8416,13,400,5,"bio04,bio07,bio10,bio15,bio17",1:5,125,25,0,400,0.4742,"{""subsample"": 0.9, ""n_estimators"": 100, ""min_child_weight"": 1, ""max_depth"": 3, ""learning_rate"": 0.05, ""colsample_bytree"": 0.6}"
XGB,M_S,uncertainty_zone,4,1,3,0.7725961538461538,0.3140548795038055,0.2951923076661702,0.6733,inner_oof,0.3077,0.9875,0.08418390154838562,1.41,-2.3773,13,400,5,"bio04,bio07,bio10,bio15,bio17",1:1,25,25,0,400,0.6733,"{""subsample"": 0.9, ""n_estimators"": 200, ""min_child_weight"": 1, ""max_depth"": 5, ""learning_rate"": 0.05, ""colsample_bytree"": 0.6}"
XGB,M_SA,random,4,1,3,0.7176923076923077,0.07240187735857807,0.3736538460874388,0.5786,inner_oof,0.8462,0.5275,0.4107358753681183,1.3297,-4.6893,13,400,6,"bio07,bio10,bio15,bio17,A1_dist_waterway,A2_waterway_order",1:3,75,25,0,400,0.5786,"{""subsample"": 0.7, ""n_estimators"": 300, ""min_child_weight"": 5, ""max_depth"": 7, ""learning_rate"": 0.05, ""colsample_bytree"": 0.8}"
XGB,M_SA,spatial_constrained,4,1,3,0.6419230769230768,0.13223303572736086,-0.005000000002487459,0.8058,inner_oof,0.0,0.995,0.20706051588058472,0.5337,-3.2567,13,400,6,"bio07,bio10,bio15,bio17,A1_dist_waterway,A2_waterway_order",1:1,25,25,0,400,0.8058,"{""subsample"": 0.9, ""n_estimators"": 200, ""min_child_weight"": 1, ""max_depth"": 5, ""learning_rate"": 0.05, ""colsample_bytree"": 0.6}"
XGB,M_SA,two_step,4,1,3,0.8192307692307693,0.2490432161780663,0.4859615384177496,0.9044,inner_oof,0.5385,0.9475,0.20692645013332367,0.8127,-3.7561,13,400,6,"bio07,bio10,bio15,bio17,A1_dist_waterway,A2_waterway_order",1:3,75,25,0,400,0.9044,"{""subsample"": 0.9, ""n_estimators"": 300, ""min_child_weight"": 1, ""max_depth"": 5, ""learning_rate"": 0.05, ""colsample_bytree"": 0.8}"
XGB,M_SA,uncertainty_zone,4,1,3,0.8073076923076923,0.2404601078621697,0.14134615383185078,0.9522,inner_oof,0.1538,0.9875,0.21182435750961304,0.9561,-3.6748,13,400,6,"bio07,bio10,bio15,bio17,A1_dist_waterway,A2_waterway_order",1:10,250,25,0,400,0.9522,"{""subsample"": 0.9, ""n_estimators"": 100, ""min_child_weight"": 5, ""max_depth"": 3, ""learning_rate"": 0.2, ""colsample_bytree"": 0.8}"
XGB,M_SP,random,4,1,3,0.7909615384615384,0.09568162090306037,0.21903846150106476,0.746,inner_oof,0.4615,0.7575,0.24044285714626312,0.4105,-3.518,13,400,8,"bio07,bio10,bio15,bio17,P1_pop_density,P2_dist_road,P3_road_density,P4_dist_urban",1:1,25,25,0,400,0.746,"{""subsample"": 0.9, ""n_estimators"": 200, ""min_child_weight"": 1, ""max_depth"": 5, ""learning_rate"": 0.05, ""colsample_bytree"": 0.6}"
XGB,M_SP,spatial_constrained,4,1,3,0.8060576923076923,0.11683235366663251,0.18211538458380505,0.7492,inner_oof,0.3846,0.7975,0.1910129189491272,0.355,-3.2386,13,400,8,"bio07,bio10,bio15,bio17,P1_pop_density,P2_dist_road,P3_road_density,P4_dist_urban",1:1,25,25,0,400,0.7492,"{""subsample"": 0.9, ""n_estimators"": 200, ""min_child_weight"": 1, ""max_depth"": 5, ""learning_rate"": 0.05, ""colsample_bytree"": 0.6}"
XGB,M_SP,two_step,4,1,3,0.7952884615384614,0.09230960599935625,0.2690384615009398,0.9147,inner_oof,0.4615,0.8075,0.2458471655845642,0.338,-3.5215,13,400,8,"bio07,bio10,bio15,bio17,P1_pop_density,P2_dist_road,P3_road_density,P4_dist_urban",1:1,25,25,0,400,0.9147,"{""subsample"": 0.9, ""n_estimators"": 200, ""min_child_weight"": 1, ""max_depth"": 5, ""learning_rate"": 0.05, ""colsample_bytree"": 0.6}"
XGB,M_SP,uncertainty_zone,4,1,3,0.70125,0.06983098740963346,0.09807692300547965,0.0803,inner_oof,0.9231,0.175,0.21116527915000916,0.3501,-3.3512,13,400,8,"bio07,bio10,bio15,bio17,P1_pop_density,P2_dist_road,P3_road_density,P4_dist_urban",1:3,75,25,0,400,0.0803,"{""subsample"": 0.9, ""n_estimators"": 300, ""min_child_weight"": 1, ""max_depth"": 5, ""learning_rate"": 0.05, ""colsample_bytree"": 0.8}"
XGB,M_SAP,random,4,1,3,0.7951923076923076,0.10087773642635071,0.2215384615010585,0.6629,inner_oof,0.4615,0.76,0.2678157091140747,0.5929,-3.7168,13,400,9,"bio07,bio10,bio15,bio17,A1_dist_waterway,A2_waterway_order,P1_pop_density,P3_road_density,P4_dist_urban",1:3,75,25,0,400,0.6629,"{""subsample"": 0.7, ""n_estimators"": 300, ""min_child_weight"": 5, ""max_depth"": 7, ""learning_rate"": 0.05, ""colsample_bytree"": 0.8}"
XGB,M_SAP,spatial_constrained,4,1,3,0.7876923076923077,0.10266510348496397,0.22653846150104617,0.5281,inner_oof,0.4615,0.765,0.1873439997434616,0.3893,-3.2721,13,400,9,"bio07,bio10,bio15,bio17,A1_dist_waterway,A2_waterway_order,P1_pop_density,P3_road_density,P4_dist_urban",1:3,75,25,0,400,0.5281,"{""subsample"": 0.7, ""n_estimators"": 300, ""min_child_weight"": 5, ""max_depth"": 7, ""learning_rate"": 0.05, ""colsample_bytree"": 0.8}"
XGB,M_SAP,two_step,4,1,3,0.8040384615384616,0.12088145327799651,0.18326923074909818,0.9283,inner_oof,0.2308,0.9525,0.22002683579921722,0.4803,-3.53,13,400,9,"bio07,bio10,bio15,bio17,A1_dist_waterway,A2_waterway_order,P1_pop_density,P3_road_density,P4_dist_urban",1:5,125,25,0,400,0.9283,"{""subsample"": 0.9, ""n_estimators"": 300, ""min_child_weight"": 1, ""max_depth"": 7, ""learning_rate"": 0.05, ""colsample_bytree"": 0.8}"
XGB,M_SAP,uncertainty_zone,4,1,3,0.8073076923076923,0.17010493262677032,-7.692313452878352e-11,0.0722,inner_oof,1.0,0.0,0.19747459888458252,0.4915,-3.4141,13,400,9,"bio07,bio10,bio15,bio17,A1_dist_waterway,A2_waterway_order,P1_pop_density,P3_road_density,P4_dist_urban",1:10,250,25,0,400,0.0722,"{""subsample"": 0.7, ""n_estimators"": 300, ""min_child_weight"": 5, ""max_depth"": 3, ""learning_rate"": 0.2, ""colsample_bytree"": 0.8}"
MXN,M_S,random,4,1,3,0.7373076923076922,0.10904176253800875,0.32461538458344874,0.8751,inner_oof,0.3846,0.94,0.11603032186708331,0.2851,-2.7972,13,400,5,"bio04,bio07,bio10,bio15,bio17",1:3,75,25,0,400,0.8751,"{""l1_ratio"": 1.0, ""C"": 5.0}"
MXN,M_S,spatial_constrained,4,1,3,0.8553846153846154,0.192008270113445,0.3446153845833988,0.6642,inner_oof,0.3846,0.96,0.0904321126754174,0.9457,-2.6668,13,400,5,"bio04,bio07,bio10,bio15,bio17",1:1,25,25,0,400,0.6642,"{""l1_ratio"": 0.75, ""C"": 1.0}"
MXN,M_S,two_step,4,1,3,0.3278846153846154,0.023541863804045833,-7.692313452878352e-11,0.7224,inner_oof,1.0,0.0,0.8264634635309599,-1.9699,1.3672,13,400,5,"bio04,bio07,bio10,bio15,bio17",1:5,125,25,0,400,0.7224,"{""l1_ratio"": 1.0, ""C"": 0.1}"
MXN,M_S,uncertainty_zone,4,1,3,0.8430769230769231,0.1226151548630822,0.3674999999221582,0.0864,inner_oof,1.0,0.3675,0.08935219030121233,0.711,-2.6686,13,400,5,"bio04,bio07,bio10,bio15,bio17",1:1,25,25,0,400,0.0864,"{""l1_ratio"": 0.75, ""C"": 1.0}"
MXN,M_SA,random,4,1,3,0.8186538461538462,0.5342518267660811,-2.5000002068509275e-12,0.9158,inner_oof,0.0,1.0,0.025263425134333325,0.6117,-1.3993,13,400,6,"bio07,bio10,bio15,bio17,A1_dist_waterway,A2_waterway_order",1:1,25,25,0,400,0.9158,"{""l1_ratio"": 0.0, ""C"": 5.0}"
MXN,M_SA,spatial_constrained,4,1,3,0.7686538461538461,0.08248162081211863,0.4330769230046423,0.632,inner_oof,0.9231,0.51,0.39460024311792696,0.8151,-4.3306,13,400,6,"bio07,bio10,bio15,bio17,A1_dist_waterway,A2_waterway_order",1:3,75,25,0,400,0.632,"{""l1_ratio"": 0.0, ""C"": 0.05}"
MXN,M_SA,two_step,4,1,3,0.7575000000000001,0.07781862760771886,0.389999999922102,0.8414,inner_oof,1.0,0.39,0.6063670061891216,0.7234,-5.5388,13,400,6,"bio07,bio10,bio15,bio17,A1_dist_waterway,A2_waterway_order",1:1,25,25,0,400,0.8414,"{""l1_ratio"": 0.75, ""C"": 1.0}"
MXN,M_SA,uncertainty_zone,4,1,3,0.9078846153846154,0.21700845286786924,0.527884615334997,0.3459,inner_oof,0.6154,0.9125,0.05374366702686633,1.9164,-1.2132,13,400,6,"bio07,bio10,bio15,bio17,A1_dist_waterway,A2_waterway_order",1:5,125,25,0,400,0.3459,"{""l1_ratio"": 1.0, ""C"": 0.1}"
MXN,M_SP,random,4,1,3,0.8886538461538462,0.39050239831299255,0.0744230769146661,0.8846,inner_oof,0.0769,0.9975,0.04369767822935167,0.9281,-1.9729,13,400,8,"bio07,bio10,bio15,bio17,P1_pop_density,P2_dist_road,P3_road_density,P4_dist_urban",1:3,75,25,0,400,0.8846,"{""l1_ratio"": 0.0, ""C"": 5.0}"
MXN,M_SP,spatial_constrained,4,1,3,0.5601923076923077,0.03965028669070963,0.24499999992246435,0.5338,inner_oof,1.0,0.245,0.5914660471537513,0.1862,-3.6759,13,400,8,"bio07,bio10,bio15,bio17,P1_pop_density,P2_dist_road,P3_road_density,P4_dist_urban",1:3,75,25,0,400,0.5338,"{""l1_ratio"": 0.0, ""C"": 0.05}"
MXN,M_SP,two_step,4,1,3,0.7740384615384615,0.07173306387700756,0.5249999999217643,0.9796,inner_oof,1.0,0.525,0.6545944899944413,0.4183,-5.1765,13,400,8,"bio07,bio10,bio15,bio17,P1_pop_density,P2_dist_road,P3_road_density,P4_dist_urban",1:3,75,25,0,400,0.9796,"{""l1_ratio"": 0.0, ""C"": 5.0}"
MXN,M_SP,uncertainty_zone,4,1,3,0.8138461538461539,0.10495543587815762,0.549999999921702,0.131,inner_oof,1.0,0.55,0.14742141891290475,0.5076,-3.017,13,400,8,"bio07,bio10,bio15,bio17,P1_pop_density,P2_dist_road,P3_road_density,P4_dist_urban",1:1,25,25,0,400,0.131,"{""l1_ratio"": 0.75, ""C"": 1.0}"
MXN,M_SAP,random,4,1,3,0.8811538461538462,0.40790684436492686,0.6498076922520442,0.8203,inner_oof,0.6923,0.9575,0.18757505327672042,1.2707,-3.9062,13,400,9,"bio07,bio10,bio15,bio17,A1_dist_waterway,A2_waterway_order,P1_pop_density,P3_road_density,P4_dist_urban",1:3,75,25,0,400,0.8203,"{""l1_ratio"": 0.0, ""C"": 0.5}"
MXN,M_SAP,spatial_constrained,4,1,3,0.6925000000000001,0.06638754270728521,0.37249999992214566,0.6836,inner_oof,1.0,0.3725,0.5026955300369274,0.4326,-4.0307,13,400,9,"bio07,bio10,bio15,bio17,A1_dist_waterway,A2_waterway_order,P1_pop_density,P3_road_density,P4_dist_urban",1:3,75,25,0,400,0.6836,"{""l1_ratio"": 0.0, ""C"": 0.05}"
MXN,M_SAP,two_step,4,1,3,0.6003846153846154,0.04427120436071555,0.32499999992226436,0.9292,inner_oof,1.0,0.325,0.7067249750726072,0.193,-4.0392,13,400,9,"bio07,bio10,bio15,bio17,A1_dist_waterway,A2_waterway_order,P1_pop_density,P3_road_density,P4_dist_urban",1:3,75,25,0,400,0.9292,"{""l1_ratio"": 0.0, ""C"": 0.5}"
MXN,M_SAP,uncertainty_zone,4,1,3,0.8078846153846153,0.10008717786741587,0.3524999999221956,0.3228,inner_oof,1.0,0.3525,0.1896764714761585,1.7658,-3.3817,13,400,9,"bio07,bio10,bio15,bio17,A1_dist_waterway,A2_waterway_order,P1_pop_density,P3_road_density,P4_dist_urban",1:5,125,25,0,400,0.3228,"{""l1_ratio"": 1.0, ""C"": 0.1}"
RF,M_S,random,4,2,3,0.9021153846153847,0.19324667663202144,0.6474999999214581,0.2963,inner_oof,1.0,0.6475,0.1535552469883787,1.3633,-3.6356,13,400,5,"bio04,bio10,bio12,bio15,bio17",1:5,125,25,0,400,0.2963,"{""n_estimators"": 200, ""min_samples_leaf"": 2, ""max_features"": 0.5, ""max_depth"": null}"
RF,M_S,spatial_constrained,4,2,3,0.931923076923077,0.30254089973750425,0.436538461500521,0.7767,inner_oof,0.4615,0.975,0.13656483723432877,1.5008,-3.4866,13,400,5,"bio04,bio10,bio12,bio15,bio17",1:3,75,25,0,400,0.7767,"{""n_estimators"": 300, ""min_samples_leaf"": 1, ""max_features"": 0.7, ""max_depth"": null}"
RF,M_S,two_step,4,2,3,0.8915384615384615,0.16250416985342708,0.6174999999215331,0.4333,inner_oof,1.0,0.6175,0.3335679580306699,0.22,-3.9474,13,400,5,"bio04,bio10,bio12,bio15,bio17",1:3,75,25,0,400,0.4333,"{""n_estimators"": 300, ""min_samples_leaf"": 1, ""max_features"": 0.7, ""max_depth"": null}"
RF,M_S,uncertainty_zone,4,2,3,0.7039423076923077,0.39370366390582195,0.4215384615005586,0.8125,inner_oof,0.4615,0.96,0.3085784317093217,1.3944,-4.34,13,400,5,"bio04,bio10,bio12,bio15,bio17",1:1,25,25,0,400,0.8125,"{""n_estimators"": 300, ""min_samples_leaf"": 2, ""max_features"": 0.5, ""max_depth"": 10}"
RF,M_SA,random,4,2,3,0.9188461538461539,0.3054310901115729,0.7280769230039046,0.48,inner_oof,0.9231,0.805,0.11673365617433414,1.4866,-3.325,13,400,7,"bio04,bio10,bio12,bio15,bio17,A1_dist_waterway,A2_waterway_order",1:3,75,25,0,400,0.48,"{""n_estimators"": 100, ""min_samples_leaf"": 1, ""max_features"": 0.5, ""max_depth"": 10}"
RF,M_SA,spatial_constrained,4,2,3,0.9240384615384616,0.3675586094490912,0.07692307691465983,0.87,inner_oof,0.0769,1.0,0.1039546408393866,1.643,-3.1173,13,400,7,"bio04,bio10,bio12,bio15,bio17,A1_dist_waterway,A2_waterway_order",1:3,75,25,0,400,0.87,"{""n_estimators"": 300, ""min_samples_leaf"": 1, ""max_features"": 0.7, ""max_depth"": null}"
RF,M_SA,two_step,4,2,3,0.9114423076923077,0.3588616381064564,0.5673076922522504,0.8333,inner_oof,0.6923,0.875,0.19711824051654558,0.6195,-4.1576,13,400,7,"bio04,bio10,bio12,bio15,bio17,A1_dist_waterway,A2_waterway_order",1:3,75,25,0,400,0.8333,"{""n_estimators"": 300, ""min_samples_leaf"": 1, ""max_features"": 0.7, ""max_depth"": null}"
RF,M_SA,uncertainty_zone,4,2,3,0.7721153846153846,0.4946341099660854,0.49846153841771823,0.65,inner_oof,0.5385,0.96,0.130609200968523,1.6,-3.0403,13,400,7,"bio04,bio10,bio12,bio15,bio17,A1_dist_waterway,A2_waterway_order",1:5,125,25,0,400,0.65,"{""n_estimators"": 100, ""min_samples_leaf"": 1, ""max_features"": ""sqrt"", ""max_depth"": 10}"
RF,M_SP,random,4,2,3,0.8928846153846154,0.2730506561314623,0.7324999999212456,0.31,inner_oof,1.0,0.7325,0.09162621065375305,1.1,-2.703,13,400,8,"bio04,bio10,bio12,bio15,bio17,P1_pop_density,P2_dist_road,P3_road_density",1:5,125,25,0,400,0.31,"{""n_estimators"": 100, ""min_samples_leaf"": 1, ""max_features"": ""sqrt"", ""max_depth"": 10}"
RF,M_SP,spatial_constrained,4,2,3,0.9111538461538461,0.31565380233486007,0.6286538460868012,0.48,inner_oof,0.8462,0.7825,0.10879564164648911,1.252,-3.0829,13,400,8,"bio04,bio10,bio12,bio15,bio17,P1_pop_density,P2_dist_road,P3_road_density",1:5,125,25,0,400,0.48,"{""n_estimators"": 100, ""min_samples_leaf"": 1, ""max_features"": ""sqrt"", ""max_depth"": 10}"
RF,M_SP,two_step,4,2,3,0.9021153846153847,0.25359170348178633,0.719999999921277,0.54,inner_oof,1.0,0.72,0.16703728813559324,0.9076,-3.6206,13,400,8,"bio04,bio10,bio12,bio15,bio17,P1_pop_density,P2_dist_road,P3_road_density",1:5,125,25,0,400,0.54,"{""n_estimators"": 100, ""min_samples_leaf"": 1, ""max_features"": ""sqrt"", ""max_depth"": 10}"
RF,M_SP,uncertainty_zone,4,2,3,0.8819230769230769,0.4356987923289897,0.5798076922522193,0.6603,inner_oof,0.6923,0.8875,0.23197908072508544,1.9708,-4.1825,13,400,8,"bio04,bio10,bio12,bio15,bio17,P1_pop_density,P2_dist_road,P3_road_density",1:1,25,25,0,400,0.6603,"{""n_estimators"": 300, ""min_samples_leaf"": 5, ""max_features"": 0.7, ""max_depth"": 10}"
RF,M_SAP,random,4,2,3,0.8898076923076923,0.4091153206818517,0.7005769230039736,0.28,inner_oof,0.9231,0.7775,0.0805102232983589,0.9845,-2.5145,13,400,10,"bio04,bio10,bio12,bio15,bio17,A1_dist_waterway,A2_waterway_order,P1_pop_density,P3_road_density,P4_dist_urban",1:3,75,25,0,400,0.28,"{""n_estimators"": 300, ""min_samples_leaf"": 1, ""max_features"": 0.7, ""max_depth"": null}"
RF,M_SAP,spatial_constrained,4,2,3,0.9046153846153846,0.22490625881059903,0.46096153841781207,0.5272,inner_oof,0.5385,0.9225,0.07717700705734272,1.0589,-2.4223,13,400,10,"bio04,bio10,bio12,bio15,bio17,A1_dist_waterway,A2_waterway_order,P1_pop_density,P3_road_density,P4_dist_urban",1:5,125,25,0,400,0.5272,"{""n_estimators"": 200, ""min_samples_leaf"": 2, ""max_features"": 0.5, ""max_depth"": null}"
RF,M_SAP,two_step,4,2,3,0.8969230769230769,0.21373212916692877,0.7824999999211206,0.41,inner_oof,1.0,0.7825,0.11991985472154963,0.4512,-2.9124,13,400,10,"bio04,bio10,bio12,bio15,bio17,A1_dist_waterway,A2_waterway_order,P1_pop_density,P3_road_density,P4_dist_urban",1:5,125,25,0,400,0.41,"{""n_estimators"": 100, ""min_samples_leaf"": 1, ""max_features"": ""sqrt"", ""max_depth"": 10}"
RF,M_SAP,uncertainty_zone,4,2,3,0.6996153846153846,0.4490730072593223,0.5173076922523754,0.319,inner_oof,0.6923,0.825,0.09408204999501636,2.2116,-1.7636,13,400,10,"bio04,bio10,bio12,bio15,bio17,A1_dist_waterway,A2_waterway_order,P1_pop_density,P3_road_density,P4_dist_urban",1:10,250,25,0,400,0.319,"{""n_estimators"": 300, ""min_samples_leaf"": 5, ""max_features"": ""sqrt"", ""max_depth"": 10}"
XGB,M_S,random,4,2,3,0.8700961538461538,0.1163219157956,0.6849999999213643,0.5434,inner_oof,1.0,0.685,0.2487863302230835,0.6063,-4.0628,13,400,5,"bio04,bio10,bio12,bio15,bio17",1:10,250,25,0,400,0.5434,"{""subsample"": 0.9, ""n_estimators"": 300, ""min_child_weight"": 5, ""max_depth"": 5, ""learning_rate"": 0.1, ""colsample_bytree"": 0.6}"
XGB,M_S,spatial_constrained,4,2,3,0.9016346153846154,0.28833604315602723,0.6924999999213455,0.6789,inner_oof,1.0,0.6925,0.25251513719558716,1.2984,-5.6332,13,400,5,"bio04,bio10,bio12,bio15,bio17",1:5,125,25,0,400,0.6789,"{""subsample"": 1.0, ""n_estimators"": 100, ""min_child_weight"": 1, ""max_depth"": 5, ""learning_rate"": 0.05, ""colsample_bytree"": 1.0}"
XGB,M_S,two_step,4,2,3,0.9099038461538462,0.20562402485479409,0.6749999999213894,0.8065,inner_oof,1.0,0.675,0.37725481390953064,1.1631,-7.9927,13,400,5,"bio04,bio10,bio12,bio15,bio17",1:3,75,25,0,400,0.8065,"{""subsample"": 0.9, ""n_estimators"": 100, ""min_child_weight"": 1, ""max_depth"": 5, ""learning_rate"": 0.1, ""colsample_bytree"": 0.8}"
XGB,M_S,uncertainty_zone,4,2,3,0.6915384615384615,0.37749558743082057,0.2948076922529317,0.8939,inner_oof,0.6923,0.6025,0.6119863390922546,0.2395,-3.8255,13,400,5,"bio04,bio10,bio12,bio15,bio17",1:5,125,25,0,400,0.8939,"{""subsample"": 1.0, ""n_estimators"": 100, ""min_child_weight"": 1, ""max_depth"": 5, ""learning_rate"": 0.05, ""colsample_bytree"": 1.0}"
XGB,M_SA,random,4,2,3,0.9109615384615385,0.25356563961615625,0.5886538460869013,0.5913,inner_oof,0.8462,0.7425,0.21234332025051117,1.5121,-4.584,13,400,7,"bio04,bio10,bio12,bio15,bio17,A1_dist_waterway,A2_waterway_order",1:3,75,25,0,400,0.5913,"{""subsample"": 0.7, ""n_estimators"": 100, ""min_child_weight"": 5, ""max_depth"": 3, ""learning_rate"": 0.05, ""colsample_bytree"": 0.6}"
XGB,M_SA,spatial_constrained,4,2,3,0.9153846153846155,0.30548908535360597,0.6392307691694228,0.9377,inner_oof,0.7692,0.87,0.18110160529613495,0.85,-4.1635,13,400,7,"bio04,bio10,bio12,bio15,bio17,A1_dist_waterway,A2_waterway_order",1:5,125,25,0,400,0.9377,"{""subsample"": 1.0, ""n_estimators"": 100, ""min_child_weight"": 1, ""max_depth"": 5, ""learning_rate"": 0.05, ""colsample_bytree"": 1.0}"
XGB,M_SA,two_step,4,2,3,0.9095192307692308,0.20807720727342327,0.562307692252263,0.9721,inner_oof,0.6923,0.87,0.2786678075790405,0.7186,-4.9131,13,400,7,"bio04,bio10,bio12,bio15,bio17,A1_dist_waterway,A2_waterway_order",1:5,125,25,0,400,0.9721,"{""subsample"": 1.0, ""n_estimators"": 100, ""min_child_weight"": 1, ""max_depth"": 5, ""learning_rate"": 0.05, ""colsample_bytree"": 1.0}"
XGB,M_SA,uncertainty_zone,4,2,3,0.5092307692307693,0.33473936915516445,0.2851923076661953,0.9078,inner_oof,0.3077,0.9775,0.18377217650413513,0.4926,-3.3061,13,400,7,"bio04,bio10,bio12,bio15,bio17,A1_dist_waterway,A2_waterway_order",1:5,125,25,0,400,0.9078,"{""subsample"": 1.0, ""n_estimators"": 100, ""min_child_weight"": 1, ""max_depth"": 5, ""learning_rate"": 0.05, ""colsample_bytree"": 1.0}"
XGB,M_SP,random,4,2,3,0.8462500000000001,0.14261293110060258,0.5242307691697101,0.0737,inner_oof,0.7692,0.755,0.1831727921962738,0.3826,-3.2084,13,400,8,"bio04,bio10,bio12,bio15,bio17,P1_pop_density,P2_dist_road,P3_road_density",1:5,125,25,0,400,0.0737,"{""subsample"": 1.0, ""n_estimators"": 100, ""min_child_weight"": 1, ""max_depth"": 5, ""learning_rate"": 0.05, ""colsample_bytree"": 1.0}"
XGB,M_SP,spatial_constrained,4,2,3,0.87375,0.35733430965367646,0.37096153841803714,0.8899,inner_oof,0.5385,0.8325,0.1748528778553009,0.4937,-3.3393,13,400,8,"bio04,bio10,bio12,bio15,bio17,P1_pop_density,P2_dist_road,P3_road_density",1:5,125,25,0,400,0.8899,"{""subsample"": 1.0, ""n_estimators"": 100, ""min_child_weight"": 1, ""max_depth"": 5, ""learning_rate"": 0.05, ""colsample_bytree"": 1.0}"
XGB,M_SP,two_step,4,2,3,0.8696153846153847,0.13855266958934798,0.6949999999213394,0.0972,inner_oof,1.0,0.695,0.19303177297115326,0.3967,-3.6924,13,400,8,"bio04,bio10,bio12,bio15,bio17,P1_pop_density,P2_dist_road,P3_road_density",1:5,125,25,0,400,0.0972,"{""subsample"": 1.0, ""n_estimators"": 100, ""min_child_weight"": 1, ""max_depth"": 5, ""learning_rate"": 0.05, ""colsample_bytree"": 1.0}"
XGB,M_SP,uncertainty_zone,4,2,3,0.6996153846153846,0.32068572848208227,0.009807692253644085,0.605,inner_oof,0.6923,0.3175,0.38948726654052734,1.6467,-4.8476,13,400,8,"bio04,bio10,bio12,bio15,bio17,P1_pop_density,P2_dist_road,P3_road_density",1:3,75,25,0,400,0.605,"{""subsample"": 0.7, ""n_estimators"": 100, ""min_child_weight"": 5, ""max_depth"": 3, ""learning_rate"": 0.05, ""colsample_bytree"": 0.6}"
XGB,M_SAP,random,4,2,3,0.8775961538461539,0.12405597404836555,0.6880769230040047,0.2809,inner_oof,0.9231,0.765,0.15588410198688507,0.5565,-3.3047,13,400,10,"bio04,bio10,bio12,bio15,bio17,A1_dist_waterway,A2_waterway_order,P1_pop_density,P3_road_density,P4_dist_urban",1:5,125,25,0,400,0.2809,"{""subsample"": 0.9, ""n_estimators"": 100, ""min_child_weight"": 5, ""max_depth"": 7, ""learning_rate"": 0.05, ""colsample_bytree"": 1.0}"
XGB,M_SAP,spatial_constrained,4,2,3,0.8886538461538461,0.14244416186844194,0.7155769230039359,0.6058,inner_oof,0.9231,0.7925,0.16402359306812286,0.7009,-3.4542,13,400,10,"bio04,bio10,bio12,bio15,bio17,A1_dist_waterway,A2_waterway_order,P1_pop_density,P3_road_density,P4_dist_urban",1:5,125,25,0,400,0.6058,"{""subsample"": 0.9, ""n_estimators"": 100, ""min_child_weight"": 5, ""max_depth"": 7, ""learning_rate"": 0.05, ""colsample_bytree"": 1.0}"
XGB,M_SAP,two_step,4,2,3,0.895,0.21222887983916697,0.6936538460866388,0.7425,inner_oof,0.8462,0.8475,0.14789293706417084,0.3761,-3.3203,13,400,10,"bio04,bio10,bio12,bio15,bio17,A1_dist_waterway,A2_waterway_order,P1_pop_density,P3_road_density,P4_dist_urban",1:10,250,25,0,400,0.7425,"{""subsample"": 0.9, ""n_estimators"": 300, ""min_child_weight"": 5, ""max_depth"": 5, ""learning_rate"": 0.1, ""colsample_bytree"": 0.6}"
XGB,M_SAP,uncertainty_zone,4,2,3,0.598846153846154,0.26823805573236204,-0.07519230774614338,0.5401,inner_oof,0.6923,0.2325,0.4312152862548828,0.3762,-3.7136,13,400,10,"bio04,bio10,bio12,bio15,bio17,A1_dist_waterway,A2_waterway_order,P1_pop_density,P3_road_density,P4_dist_urban",1:10,250,25,0,400,0.5401,"{""subsample"": 0.9, ""n_estimators"": 100, ""min_child_weight"": 10, ""max_depth"": 3, ""learning_rate"": 0.2, ""colsample_bytree"": 0.6}"
MXN,M_S,random,4,2,3,0.8461538461538461,0.17357931527893522,0.595576923004236,0.8585,inner_oof,0.9231,0.6725,0.3434567188197766,0.9097,-5.2062,13,400,5,"bio04,bio10,bio12,bio15,bio17",1:1,25,25,0,400,0.8585,"{""l1_ratio"": 1.0, ""C"": 5.0}"
MXN,M_S,spatial_constrained,4,2,3,0.8232692307692308,0.08797165502059186,0.6530769230040923,0.8238,inner_oof,0.9231,0.73,0.2917033131765903,0.9274,-4.3929,13,400,5,"bio04,bio10,bio12,bio15,bio17",1:10,250,25,0,400,0.8238,"{""l1_ratio"": 0.0, ""C"": 1.0}"
MXN,M_S,two_step,4,2,3,0.788076923076923,0.0727406520755857,0.5349999999217394,0.4629,inner_oof,1.0,0.535,0.4039602224643829,0.5931,-4.7509,13,400,5,"bio04,bio10,bio12,bio15,bio17",1:1,25,25,0,400,0.4629,"{""l1_ratio"": 1.0, ""C"": 5.0}"
MXN,M_S,uncertainty_zone,4,2,3,0.8761538461538461,0.3414372306338039,0.25769230766626405,0.7102,inner_oof,0.3077,0.95,0.1999031471865139,2.3861,-4.4973,13,400,5,"bio04,bio10,bio12,bio15,bio17",1:5,125,25,0,400,0.7102,"{""l1_ratio"": 0.0, ""C"": 1.0}"
MXN,M_SA,random,4,2,3,0.7865384615384616,0.07705121837423205,0.5974999999215831,0.7056,inner_oof,1.0,0.5975,0.38243079690787596,0.3822,-4.1586,13,400,7,"bio04,bio10,bio12,bio15,bio17,A1_dist_waterway,A2_waterway_order",1:1,25,25,0,400,0.7056,"{""l1_ratio"": 1.0, ""C"": 5.0}"
MXN,M_SA,spatial_constrained,4,2,3,0.8573076923076923,0.11277153865186088,0.6399999999214769,0.3417,inner_oof,1.0,0.64,0.2264747716037567,0.6317,-3.5181,13,400,7,"bio04,bio10,bio12,bio15,bio17,A1_dist_waterway,A2_waterway_order",1:10,250,25,0,400,0.3417,"{""l1_ratio"": 0.0, ""C"": 1.0}"
MXN,M_SA,two_step,4,2,3,0.8448076923076924,0.09839392594122316,0.6436538460867638,0.6235,inner_oof,0.8462,0.7975,0.2189637953932428,1.2559,-3.9158,13,400,7,"bio04,bio10,bio12,bio15,bio17,A1_dist_waterway,A2_waterway_order",1:10,250,25,0,400,0.6235,"{""l1_ratio"": 1.0, ""C"": 0.05}"
MXN,M_SA,uncertainty_zone,4,2,3,0.9025,0.38442036328093304,0.5649999999216644,0.3845,inner_oof,1.0,0.565,0.24617368773572626,3.0587,-7.4893,13,400,7,"bio04,bio10,bio12,bio15,bio17,A1_dist_waterway,A2_waterway_order",1:10,250,25,0,400,0.3845,"{""l1_ratio"": 0.0, ""C"": 1.0}"
MXN,M_SP,random,4,2,3,0.7617307692307692,0.06480794585104101,0.527499999921758,0.1814,inner_oof,1.0,0.5275,0.3678209186174783,0.3373,-3.9656,13,400,8,"bio04,bio10,bio12,bio15,bio17,P1_pop_density,P2_dist_road,P3_road_density",1:1,25,25,0,400,0.1814,"{""l1_ratio"": 1.0, ""C"": 5.0}"
MXN,M_SP,spatial_constrained,4,2,3,0.7873076923076923,0.19021729007294855,0.07384615383201942,0.8657,inner_oof,0.1538,0.92,0.22453774311822322,0.412,-3.1625,13,400,8,"bio04,bio10,bio12,bio15,bio17,P1_pop_density,P2_dist_road,P3_road_density",1:10,250,25,0,400,0.8657,"{""l1_ratio"": 0.0, ""C"": 1.0}"
MXN,M_SP,two_step,4,2,3,0.8548076923076923,0.11354904440448892,0.6424999999214707,0.6739,inner_oof,1.0,0.6425,0.2951171517418569,0.6565,-4.1431,13,400,8,"bio04,bio10,bio12,bio15,bio17,P1_pop_density,P2_dist_road,P3_road_density",1:3,75,25,0,400,0.6739,"{""l1_ratio"": 0.5, ""C"": 1.0}"
MXN,M_SP,uncertainty_zone,4,2,3,0.7738461538461539,0.21149091934358852,0.6324999999214955,0.0719,inner_oof,1.0,0.6325,0.15401744823211333,0.3022,-2.6605,13,400,8,"bio04,bio10,bio12,bio15,bio17,P1_pop_density,P2_dist_road,P3_road_density",1:5,125,25,0,400,0.0719,"{""l1_ratio"": 0.0, ""C"": 1.0}"
MXN,M_SAP,random,4,2,3,0.8155769230769231,0.16178073989164132,0.5861538460869076,0.819,inner_oof,0.8462,0.74,0.27153719810689686,0.6744,-3.8454,13,400,10,"bio04,bio10,bio12,bio15,bio17,A1_dist_waterway,A2_waterway_order,P1_pop_density,P3_road_density,P4_dist_urban",1:3,75,25,0,400,0.819,"{""l1_ratio"": 0.5, ""C"": 1.0}"
MXN,M_SAP,spatial_constrained,4,2,3,0.8298076923076922,0.18094511921161946,0.659999999921427,0.5037,inner_oof,1.0,0.66,0.20722923016731265,0.4173,-3.1063,13,400,10,"bio04,bio10,bio12,bio15,bio17,A1_dist_waterway,A2_waterway_order,P1_pop_density,P3_road_density,P4_dist_urban",1:10,250,25,0,400,0.5037,"{""l1_ratio"": 0.0, ""C"": 1.0}"
MXN,M_SAP,two_step,4,2,3,0.8653846153846154,0.1130916273734063,0.6361538460867826,0.5765,inner_oof,0.8462,0.79,0.15697764273627907,1.2476,-3.445,13,400,10,"bio04,bio10,bio12,bio15,bio17,A1_dist_waterway,A2_waterway_order,P1_pop_density,P3_road_density,P4_dist_urban",1:10,250,25,0,400,0.5765,"{""l1_ratio"": 1.0, ""C"": 0.05}"
MXN,M_SAP,uncertainty_zone,4,2,3,0.8153846153846155,0.19950675201128418,0.6149999999215394,0.5477,inner_oof,1.0,0.615,0.2833423133883498,4.8365,-5.3776,13,400,10,"bio04,bio10,bio12,bio15,bio17,A1_dist_waterway,A2_waterway_order,P1_pop_density,P3_road_density,P4_dist_urban",1:10,250,25,0,400,0.5477,"{""l1_ratio"": 1.0, ""C"": 0.05}"
RF,M_S,random,4,3,3,0.9851041666666667,0.6308899476856134,0.007499999916647848,0.4638,inner_oof,1.0,0.0075,0.4487891286121549,9.0072,-16.7083,12,400,7,"bio04,bio07,bio11,bio12,bio15,bio17,elevation",1:1,26,26,0,400,0.4638,"{""n_estimators"": 100, ""min_samples_leaf"": 10, ""max_features"": ""sqrt"", ""max_depth"": 10}"
RF,M_S,spatial_constrained,4,3,3,0.9922916666666666,0.7778301491536787,0.3524999999157854,0.4939,inner_oof,1.0,0.3525,0.24265427320706454,10.2641,-9.1673,12,400,7,"bio04,bio07,bio11,bio12,bio15,bio17,elevation",1:3,78,26,0,400,0.4939,"{""n_estimators"": 200, ""min_samples_leaf"": 5, ""max_features"": ""sqrt"", ""max_depth"": 5}"
RF,M_S,two_step,4,3,3,0.9814583333333333,0.4599287268888662,0.007499999916647848,0.4075,inner_oof,1.0,0.0075,0.6146749827711987,3.061,-11.4618,12,400,7,"bio04,bio07,bio11,bio12,bio15,bio17,elevation",1:3,78,26,0,400,0.4075,"{""n_estimators"": 200, ""min_samples_leaf"": 5, ""max_features"": ""sqrt"", ""max_depth"": 5}"
RF,M_S,uncertainty_zone,4,3,3,0.9838541666666667,0.5823863636363635,0.6824999999149606,0.5281,inner_oof,1.0,0.6825,0.24064888983591412,10.39,-9.8086,12,400,7,"bio04,bio07,bio11,bio12,bio15,bio17,elevation",1:1,26,26,0,400,0.5281,"{""n_estimators"": 100, ""min_samples_leaf"": 10, ""max_features"": ""sqrt"", ""max_depth"": 10}"
RF,M_SA,random,4,3,3,0.9877083333333333,0.5493247006404901,0.09999999991641673,0.4917,inner_oof,1.0,0.1,0.47737946991044145,10.9316,-24.3609,12,400,9,"bio04,bio07,bio11,bio12,bio15,bio17,elevation,A1_dist_waterway,A2_waterway_order",1:1,26,26,0,400,0.4917,"{""n_estimators"": 100, ""min_samples_leaf"": 10, ""max_features"": ""sqrt"", ""max_depth"": 10}"
RF,M_SA,spatial_constrained,4,3,3,0.9912500000000001,0.7269610076885619,0.014999999916629259,0.305,inner_oof,1.0,0.015,0.21693340058412247,9.6817,-8.5938,12,400,9,"bio04,bio07,bio11,bio12,bio15,bio17,elevation,A1_dist_waterway,A2_waterway_order",1:3,78,26,0,400,0.305,"{""n_estimators"": 200, ""min_samples_leaf"": 5, ""max_features"": ""sqrt"", ""max_depth"": 5}"
RF,M_SA,two_step,4,3,3,0.9790625000000001,0.41403260546642895,0.3524999999157854,0.5506,inner_oof,1.0,0.3525,0.5138325140406533,2.3714,-9.8404,12,400,9,"bio04,bio07,bio11,bio12,bio15,bio17,elevation,A1_dist_waterway,A2_waterway_order",1:3,78,26,0,400,0.5506,"{""n_estimators"": 200, ""min_samples_leaf"": 5, ""max_features"": ""sqrt"", ""max_depth"": 5}"
RF,M_SA,uncertainty_zone,4,3,3,0.9972916666666666,0.8999999999999999,0.2174999999161229,0.5,inner_oof,1.0,0.2175,0.2962502427184466,15.392,-19.5899,12,400,9,"bio04,bio07,bio11,bio12,bio15,bio17,elevation,A1_dist_waterway,A2_waterway_order",1:3,78,26,0,400,0.5,"{""n_estimators"": 100, ""min_samples_leaf"": 1, ""max_features"": ""sqrt"", ""max_depth"": 20}"
RF,M_SP,random,4,3,3,0.9935416666666667,0.7822089947089947,0.5099999999153917,0.3601,inner_oof,1.0,0.51,0.2065994426033364,6.709,-13.3003,12,400,10,"bio04,bio07,bio11,bio12,bio15,bio17,elevation,P1_pop_density,P3_road_density,P4_dist_urban",1:3,78,26,0,400,0.3601,"{""n_estimators"": 200, ""min_samples_leaf"": 5, ""max_features"": ""sqrt"", ""max_depth"": 5}"
RF,M_SP,spatial_constrained,4,3,3,0.989375,0.7028935185185186,0.30249999991591037,0.3576,inner_oof,1.0,0.3025,0.20535904722896203,8.9916,-10.8943,12,400,10,"bio04,bio07,bio11,bio12,bio15,bio17,elevation,P1_pop_density,P3_road_density,P4_dist_urban",1:3,78,26,0,400,0.3576,"{""n_estimators"": 200, ""min_samples_leaf"": 5, ""max_features"": ""sqrt"", ""max_depth"": 5}"
RF,M_SP,two_step,4,3,3,0.9730208333333333,0.4020578958078958,0.38999999991569156,0.5258,inner_oof,1.0,0.39,0.462116690990128,1.9076,-8.56,12,400,10,"bio04,bio07,bio11,bio12,bio15,bio17,elevation,P1_pop_density,P3_road_density,P4_dist_urban",1:3,78,26,0,400,0.5258,"{""n_estimators"": 200, ""min_samples_leaf"": 5, ""max_features"": ""sqrt"", ""max_depth"": 5}"
RF,M_SP,uncertainty_zone,4,3,3,0.9995833333333333,0.988095238095238,0.587499999915198,0.28,inner_oof,1.0,0.5875,0.08541359223300972,8.862,-12.0808,12,400,10,"bio04,bio07,bio11,bio12,bio15,bio17,elevation,P1_pop_density,P3_road_density,P4_dist_urban",1:3,78,26,0,400,0.28,"{""n_estimators"": 100, ""min_samples_leaf"": 1, ""max_features"": ""sqrt"", ""max_depth"": 20}"
RF,M_SAP,random,4,3,3,0.9945833333333334,0.8054894179894181,0.022499999916610447,0.2246,inner_oof,1.0,0.0225,0.21333230560941335,7.4958,-13.7988,12,400,11,"bio04,bio07,bio11,bio12,bio15,bio17,elevation,A1_dist_waterway,A2_waterway_order,P1_pop_density,P3_road_density",1:3,78,26,0,400,0.2246,"{""n_estimators"": 200, ""min_samples_leaf"": 5, ""max_features"": ""sqrt"", ""max_depth"": 5}"
RF,M_SAP,spatial_constrained,4,3,3,0.9914583333333332,0.6811131270690095,0.14999999991629176,0.314,inner_oof,1.0,0.15,0.2208097254776564,9.4314,-11.5408,12,400,11,"bio04,bio07,bio11,bio12,bio15,bio17,elevation,A1_dist_waterway,A2_waterway_order,P1_pop_density,P3_road_density",1:3,78,26,0,400,0.314,"{""n_estimators"": 200, ""min_samples_leaf"": 5, ""max_features"": ""sqrt"", ""max_depth"": 5}"
RF,M_SAP,two_step,4,3,3,0.9808333333333334,0.6335114994654468,0.007499999916647848,0.3178,inner_oof,1.0,0.0075,0.40785914857937855,2.1091,-9.3013,12,400,11,"bio04,bio07,bio11,bio12,bio15,bio17,elevation,A1_dist_waterway,A2_waterway_order,P1_pop_density,P3_road_density",1:3,78,26,0,400,0.3178,"{""n_estimators"": 200, ""min_samples_leaf"": 5, ""max_features"": ""sqrt"", ""max_depth"": 5}"
RF,M_SAP,uncertainty_zone,4,3,3,0.9975,0.9345238095238096,0.7749999999147292,0.38,inner_oof,1.0,0.775,0.09335898058252427,6.3731,-4.5625,12,400,11,"bio04,bio07,bio11,bio12,bio15,bio17,elevation,A1_dist_waterway,A2_waterway_order,P1_pop_density,P3_road_density",1:3,78,26,0,400,0.38,"{""n_estimators"": 100, ""min_samples_leaf"": 1, ""max_features"": ""sqrt"", ""max_depth"": 20}"
XGB,M_S,random,4,3,3,0.9947916666666667,0.7938596491228072,0.11249999991638537,0.2779,inner_oof,1.0,0.1125,0.27197742462158203,35.5688,-100.3564,12,400,7,"bio04,bio07,bio11,bio12,bio15,bio17,elevation",1:5,130,26,0,400,0.2779,"{""subsample"": 0.9, ""n_estimators"": 100, ""min_child_weight"": 5, ""max_depth"": 7, ""learning_rate"": 0.05, ""colsample_bytree"": 0.6}"
XGB,M_S,spatial_constrained,4,3,3,0.9974999999999999,0.9064454064454065,0.5699999999152416,0.1194,inner_oof,1.0,0.57,0.03625718131661415,4.6171,-3.1505,12,400,7,"bio04,bio07,bio11,bio12,bio15,bio17,elevation",1:3,78,26,0,400,0.1194,"{""subsample"": 0.9, ""n_estimators"": 200, ""min_child_weight"": 1, ""max_depth"": 5, ""learning_rate"": 0.2, ""colsample_bytree"": 1.0}"
XGB,M_S,two_step,4,3,3,0.984375,0.4916267942583732,0.007499999916647848,0.8085,inner_oof,1.0,0.0075,0.9060900211334229,3.8586,-25.6215,12,400,7,"bio04,bio07,bio11,bio12,bio15,bio17,elevation",1:3,78,26,0,400,0.8085,"{""subsample"": 0.9, ""n_estimators"": 200, ""min_child_weight"": 1, ""max_depth"": 5, ""learning_rate"": 0.2, ""colsample_bytree"": 1.0}"
XGB,M_S,uncertainty_zone,4,3,3,0.9911458333333334,0.8057239057239057,0.797499999914673,0.3704,inner_oof,1.0,0.7975,0.07533171772956848,1.4481,-5.086,12,400,7,"bio04,bio07,bio11,bio12,bio15,bio17,elevation",1:10,260,26,0,400,0.3704,"{""subsample"": 0.9, ""n_estimators"": 100, ""min_child_weight"": 1, ""max_depth"": 5, ""learning_rate"": 0.2, ""colsample_bytree"": 1.0}"
XGB,M_SA,random,4,3,3,0.9955208333333334,0.8416666666666667,0.35499999991577913,0.337,inner_oof,1.0,0.355,0.2396470159292221,9.1394,-27.5096,12,400,9,"bio04,bio07,bio11,bio12,bio15,bio17,elevation,A1_dist_waterway,A2_waterway_order",1:5,130,26,0,400,0.337,"{""subsample"": 0.9, ""n_estimators"": 100, ""min_child_weight"": 5, ""max_depth"": 7, ""learning_rate"": 0.05, ""colsample_bytree"": 0.6}"
XGB,M_SA,spatial_constrained,4,3,3,0.9801041666666666,0.6161873638344227,0.8799999999144665,0.2821,inner_oof,1.0,0.88,0.03634614497423172,2.3461,-1.3482,12,400,9,"bio04,bio07,bio11,bio12,bio15,bio17,elevation,A1_dist_waterway,A2_waterway_order",1:3,78,26,0,400,0.2821,"{""subsample"": 0.9, ""n_estimators"": 200, ""min_child_weight"": 1, ""max_depth"": 5, ""learning_rate"": 0.2, ""colsample_bytree"": 1.0}"
XGB,M_SA,two_step,4,3,3,0.99,0.6,0.007499999916647848,0.5453,inner_oof,1.0,0.0075,0.7896624803543091,46.4309,-211.3942,12,400,9,"bio04,bio07,bio11,bio12,bio15,bio17,elevation,A1_dist_waterway,A2_waterway_order",1:5,130,26,0,400,0.5453,"{""subsample"": 1.0, ""n_estimators"": 300, ""min_child_weight"": 5, ""max_depth"": 7, ""learning_rate"": 0.1, ""colsample_bytree"": 0.8}"
XGB,M_SA,uncertainty_zone,4,3,3,0.9228125,0.4304385262033288,0.6824999999149606,0.2267,inner_oof,1.0,0.6825,0.16754676401615143,1.0298,-4.5252,12,400,9,"bio04,bio07,bio11,bio12,bio15,bio17,elevation,A1_dist_waterway,A2_waterway_order",1:3,78,26,0,400,0.2267,"{""subsample"": 0.9, ""n_estimators"": 200, ""min_child_weight"": 1, ""max_depth"": 5, ""learning_rate"": 0.2, ""colsample_bytree"": 1.0}"
XGB,M_SP,random,4,3,3,0.9948958333333333,0.7916666666666667,0.637499999915073,0.3288,inner_oof,1.0,0.6375,0.1980019360780716,3.4171,-20.4227,12,400,10,"bio04,bio07,bio11,bio12,bio15,bio17,elevation,P1_pop_density,P3_road_density,P4_dist_urban",1:3,78,26,0,400,0.3288,"{""subsample"": 0.9, ""n_estimators"": 200, ""min_child_weight"": 1, ""max_depth"": 5, ""learning_rate"": 0.2, ""colsample_bytree"": 1.0}"
XGB,M_SP,spatial_constrained,4,3,3,0.9858333333333333,0.7334325396825397,0.7599999999147666,0.1934,inner_oof,1.0,0.76,0.07169842720031738,2.6271,-4.9379,12,400,10,"bio04,bio07,bio11,bio12,bio15,bio17,elevation,P1_pop_density,P3_road_density,P4_dist_urban",1:3,78,26,0,400,0.1934,"{""subsample"": 0.9, ""n_estimators"": 200, ""min_child_weight"": 1, ""max_depth"": 5, ""learning_rate"": 0.2, ""colsample_bytree"": 1.0}"
XGB,M_SP,two_step,4,3,3,0.9921875,0.6756628787878787,0.35499999991577913,0.6505,inner_oof,1.0,0.355,0.5694052577018738,7.2759,-31.3567,12,400,10,"bio04,bio07,bio11,bio12,bio15,bio17,elevation,P1_pop_density,P3_road_density,P4_dist_urban",1:5,130,26,0,400,0.6505,"{""subsample"": 0.9, ""n_estimators"": 100, ""min_child_weight"": 5, ""max_depth"": 7, ""learning_rate"": 0.05, ""colsample_bytree"": 0.6}"
XGB,M_SP,uncertainty_zone,4,3,3,0.9977083333333334,0.934848484848485,0.6849999999149543,0.0306,inner_oof,1.0,0.685,0.04205399006605148,8.2231,-34.9117,12,400,10,"bio04,bio07,bio11,bio12,bio15,bio17,elevation,P1_pop_density,P3_road_density,P4_dist_urban",1:10,260,26,0,400,0.0306,"{""subsample"": 0.9, ""n_estimators"": 300, ""min_child_weight"": 1, ""max_depth"": 5, ""learning_rate"": 0.1, ""colsample_bytree"": 0.8}"
XGB,M_SAP,random,4,3,3,0.9929166666666668,0.7551030668677728,0.7449999999148043,0.4334,inner_oof,1.0,0.745,0.20735353231430054,3.0598,-17.0607,12,400,11,"bio04,bio07,bio11,bio12,bio15,bio17,elevation,A1_dist_waterway,A2_waterway_order,P1_pop_density,P3_road_density",1:3,78,26,0,400,0.4334,"{""subsample"": 0.9, ""n_estimators"": 200, ""min_child_weight"": 1, ""max_depth"": 5, ""learning_rate"": 0.2, ""colsample_bytree"": 1.0}"
XGB,M_SAP,spatial_constrained,4,3,3,0.9566666666666667,0.47075068251742375,0.6449999999150542,0.1871,inner_oof,1.0,0.645,0.0868605300784111,1.3384,-3.4026,12,400,11,"bio04,bio07,bio11,bio12,bio15,bio17,elevation,A1_dist_waterway,A2_waterway_order,P1_pop_density,P3_road_density",1:3,78,26,0,400,0.1871,"{""subsample"": 0.9, ""n_estimators"": 200, ""min_child_weight"": 1, ""max_depth"": 5, ""learning_rate"": 0.2, ""colsample_bytree"": 1.0}"
XGB,M_SAP,two_step,4,3,3,0.9925,0.7008856682769726,0.5524999999152853,0.7842,inner_oof,1.0,0.5525,0.5712044835090637,2.8161,-19.1266,12,400,11,"bio04,bio07,bio11,bio12,bio15,bio17,elevation,A1_dist_waterway,A2_waterway_order,P1_pop_density,P3_road_density",1:3,78,26,0,400,0.7842,"{""subsample"": 0.9, ""n_estimators"": 200, ""min_child_weight"": 1, ""max_depth"": 5, ""learning_rate"": 0.2, ""colsample_bytree"": 1.0}"
XGB,M_SAP,uncertainty_zone,4,3,3,0.9989583333333333,0.9659992784992785,0.8499999999145418,0.6111,inner_oof,1.0,0.85,0.08236023038625717,6.0376,-23.7039,12,400,11,"bio04,bio07,bio11,bio12,bio15,bio17,elevation,A1_dist_waterway,A2_waterway_order,P1_pop_density,P3_road_density",1:10,260,26,0,400,0.6111,"{""subsample"": 0.9, ""n_estimators"": 100, ""min_child_weight"": 1, ""max_depth"": 5, ""learning_rate"": 0.2, ""colsample_bytree"": 1.0}"
MXN,M_S,random,4,3,3,0.06166666666666667,0.01721881980126145,0.004999999916654119,0.4861,inner_oof,1.0,0.005,0.8509993339737604,-1.5713,-0.335,12,400,7,"bio04,bio07,bio11,bio12,bio15,bio17,elevation",1:3,78,26,0,400,0.4861,"{""l1_ratio"": 1.0, ""C"": 0.05}"
MXN,M_S,spatial_constrained,4,3,3,0.07916666666666665,0.017591020970714827,0.007499999916647848,0.4504,inner_oof,1.0,0.0075,0.9058211269267288,-0.8059,-0.8188,12,400,7,"bio04,bio07,bio11,bio12,bio15,bio17,elevation",1:5,130,26,0,400,0.4504,"{""l1_ratio"": 0.75, ""C"": 0.05}"
MXN,M_S,two_step,4,3,3,0.06166666666666667,0.01721881980126145,0.0024999999166603892,0.4847,inner_oof,1.0,0.0025,0.9028107532611994,-1.1659,-0.1601,12,400,7,"bio04,bio07,bio11,bio12,bio15,bio17,elevation",1:3,78,26,0,400,0.4847,"{""l1_ratio"": 1.0, ""C"": 0.05}"
MXN,M_S,uncertainty_zone,4,3,3,0.99875,0.9515944703444704,0.934999999914329,0.4067,inner_oof,1.0,0.935,0.04401929510821986,12.7649,-5.6821,12,400,7,"bio04,bio07,bio11,bio12,bio15,bio17,elevation",1:5,130,26,0,400,0.4067,"{""l1_ratio"": 0.75, ""C"": 0.1}"
MXN,M_SA,random,4,3,3,0.7639583333333334,0.06149291410244503,0.32499999991585415,0.4966,inner_oof,1.0,0.325,0.5149880875769745,0.4064,-4.3706,12,400,9,"bio04,bio07,bio11,bio12,bio15,bio17,elevation,A1_dist_waterway,A2_waterway_order",1:3,78,26,0,400,0.4966,"{""l1_ratio"": 0.0, ""C"": 0.05}"
MXN,M_SA,spatial_constrained,4,3,3,0.92375,0.17614727636386843,0.6949999999149292,0.5771,inner_oof,1.0,0.695,0.23434987503550572,1.0957,-4.6673,12,400,9,"bio04,bio07,bio11,bio12,bio15,bio17,elevation,A1_dist_waterway,A2_waterway_order",1:3,78,26,0,400,0.5771,"{""l1_ratio"": 0.0, ""C"": 0.05}"
MXN,M_SA,two_step,4,3,3,0.19895833333333332,0.019888306956756845,0.022499999916610447,0.504,inner_oof,1.0,0.0225,0.9232378625206443,-0.2208,-2.0178,12,400,9,"bio04,bio07,bio11,bio12,bio15,bio17,elevation,A1_dist_waterway,A2_waterway_order",1:3,78,26,0,400,0.504,"{""l1_ratio"": 0.0, ""C"": 0.05}"
MXN,M_SA,uncertainty_zone,4,3,3,0.9183333333333333,0.2279274693633485,0.6574999999150228,0.342,inner_oof,1.0,0.6575,0.17887995044822633,1.2363,-4.1525,12,400,9,"bio04,bio07,bio11,bio12,bio15,bio17,elevation,A1_dist_waterway,A2_waterway_order",1:3,78,26,0,400,0.342,"{""l1_ratio"": 0.0, ""C"": 0.05}"
MXN,M_SP,random,4,3,3,0.9774999999999999,0.6143330923218093,0.6224999999151104,0.3578,inner_oof,1.0,0.6225,0.20929938394397662,1.1405,-5.54,12,400,10,"bio04,bio07,bio11,bio12,bio15,bio17,elevation,P1_pop_density,P3_road_density,P4_dist_urban",1:3,78,26,0,400,0.3578,"{""l1_ratio"": 0.0, ""C"": 0.05}"
MXN,M_SP,spatial_constrained,4,3,3,0.99125,0.8148099517584811,0.7699999999147416,0.5071,inner_oof,1.0,0.77,0.14694249912917784,3.0067,-9.5686,12,400,10,"bio04,bio07,bio11,bio12,bio15,bio17,elevation,P1_pop_density,P3_road_density,P4_dist_urban",1:3,78,26,0,400,0.5071,"{""l1_ratio"": 0.0, ""C"": 0.05}"
MXN,M_SP,two_step,4,3,3,0.5614583333333334,0.19496253974680305,0.10499999991640419,0.6803,inner_oof,1.0,0.105,0.8400042333502875,0.1115,-4.202,12,400,10,"bio04,bio07,bio11,bio12,bio15,bio17,elevation,P1_pop_density,P3_road_density,P4_dist_urban",1:3,78,26,0,400,0.6803,"{""l1_ratio"": 0.0, ""C"": 0.05}"
MXN,M_SP,uncertainty_zone,4,3,3,1.0,1.0,0.9874999999141978,0.0203,inner_oof,1.0,0.9875,0.0024169076982082185,8.7532,-14.4591,12,400,10,"bio04,bio07,bio11,bio12,bio15,bio17,elevation,P1_pop_density,P3_road_density,P4_dist_urban",1:10,260,26,0,400,0.0203,"{""l1_ratio"": 0.5, ""C"": 5.0}"
MXN,M_SAP,random,4,3,3,0.9724999999999999,0.5848752779787262,0.5424999999153104,0.4188,inner_oof,1.0,0.5425,0.2736882544352526,1.1933,-6.0781,12,400,11,"bio04,bio07,bio11,bio12,bio15,bio17,elevation,A1_dist_waterway,A2_waterway_order,P1_pop_density,P3_road_density",1:3,78,26,0,400,0.4188,"{""l1_ratio"": 0.0, ""C"": 0.05}"
MXN,M_SAP,spatial_constrained,4,3,3,0.99375,0.8631541867954912,0.8499999999145418,0.633,inner_oof,1.0,0.85,0.13461950662094901,3.782,-10.9246,12,400,11,"bio04,bio07,bio11,bio12,bio15,bio17,elevation,A1_dist_waterway,A2_waterway_order,P1_pop_density,P3_road_density",1:3,78,26,0,400,0.633,"{""l1_ratio"": 0.0, ""C"": 0.05}"
MXN,M_SAP,two_step,4,3,3,0.5141666666666667,0.05592628865344304,0.1949999999161791,0.9213,inner_oof,1.0,0.195,0.8503999917257621,0.0453,-3.7757,12,400,11,"bio04,bio07,bio11,bio12,bio15,bio17,elevation,A1_dist_waterway,A2_waterway_order,P1_pop_density,P3_road_density",1:3,78,26,0,400,0.9213,"{""l1_ratio"": 0.0, ""C"": 0.05}"
MXN,M_SAP,uncertainty_zone,4,3,3,0.8445833333333334,0.24124440161042665,0.6899999999149418,0.3145,inner_oof,1.0,0.69,0.2292625772277638,0.1887,-3.4304,12,400,11,"bio04,bio07,bio11,bio12,bio15,bio17,elevation,A1_dist_waterway,A2_waterway_order,P1_pop_density,P3_road_density",1:3,78,26,0,400,0.3145,"{""l1_ratio"": 0.0, ""C"": 0.05}"
RF,M_S,random,5,1,3,0.6759615384615386,0.2073396461694334,-7.692313452878352e-11,0.4096,inner_oof,1.0,0.0,0.7181706849982038,2.7523,-8.5395,13,400,5,"bio04,bio07,bio10,bio15,bio17",1:1,25,25,0,400,0.4096,"{""n_estimators"": 300, ""min_samples_leaf"": 10, ""max_features"": 0.7, ""max_depth"": null}"
RF,M_S,spatial_constrained,5,1,3,0.5674038461538462,0.03430238126333202,-7.692313452878352e-11,0.3494,inner_oof,1.0,0.0,0.609400653090581,-0.6102,-2.6133,13,400,5,"bio04,bio07,bio10,bio15,bio17",1:1,25,25,0,400,0.3494,"{""n_estimators"": 300, ""min_samples_leaf"": 10, ""max_features"": 0.7, ""max_depth"": null}"
RF,M_S,two_step,5,1,3,0.8847115384615385,0.1890080957704577,0.49749999992183325,0.88,inner_oof,1.0,0.4975,0.632917191283293,1.2819,-6.7841,13,400,5,"bio04,bio07,bio10,bio15,bio17",1:3,75,25,0,400,0.88,"{""n_estimators"": 100, ""min_samples_leaf"": 1, ""max_features"": 0.7, ""max_depth"": 10}"
RF,M_S,uncertainty_zone,5,1,3,0.3013461538461539,0.02168539795182221,0.004999999923064324,0.63,inner_oof,1.0,0.005,0.8745654963680385,-0.5936,-1.6246,13,400,5,"bio04,bio07,bio10,bio15,bio17",1:1,25,25,0,400,0.63,"{""n_estimators"": 200, ""min_samples_leaf"": 1, ""max_features"": 0.5, ""max_depth"": 20}"
RF,M_SA,random,5,1,3,0.8422115384615385,0.2110370919446007,-7.692313452878352e-11,0.4748,inner_oof,1.0,0.0,0.5498830306543858,1.9052,-6.6373,13,400,7,"bio04,bio07,bio10,bio15,bio17,A1_dist_waterway,A2_waterway_order",1:1,25,25,0,400,0.4748,"{""n_estimators"": 300, ""min_samples_leaf"": 10, ""max_features"": 0.7, ""max_depth"": null}"
RF,M_SA,spatial_constrained,5,1,3,0.7249038461538462,0.06551001280117494,-7.692313452878352e-11,0.4204,inner_oof,1.0,0.0,0.5780419581442932,1.0119,-4.6877,13,400,7,"bio04,bio07,bio10,bio15,bio17,A1_dist_waterway,A2_waterway_order",1:1,25,25,0,400,0.4204,"{""n_estimators"": 300, ""min_samples_leaf"": 10, ""max_features"": 0.7, ""max_depth"": null}"
RF,M_SA,two_step,5,1,3,0.891923076923077,0.441471412774784,-7.692313452878352e-11,0.6192,inner_oof,1.0,0.0,0.5744884426216006,1.6266,-6.5976,13,400,7,"bio04,bio07,bio10,bio15,bio17,A1_dist_waterway,A2_waterway_order",1:5,125,25,0,400,0.6192,"{""n_estimators"": 100, ""min_samples_leaf"": 2, ""max_features"": 0.5, ""max_depth"": 5}"
RF,M_SA,uncertainty_zone,5,1,3,0.5067307692307692,0.034154923398368994,-7.692313452878352e-11,0.199,inner_oof,1.0,0.0,0.7028015604143171,-0.0711,-3.2959,13,400,7,"bio04,bio07,bio10,bio15,bio17,A1_dist_waterway,A2_waterway_order",1:5,125,25,0,400,0.199,"{""n_estimators"": 100, ""min_samples_leaf"": 2, ""max_features"": 0.5, ""max_depth"": 5}"
RF,M_SP,random,5,1,3,0.8153846153846154,0.08594419354146396,-7.692313452878352e-11,0.4215,inner_oof,1.0,0.0,0.3505758141353222,0.7632,-4.1185,13,400,9,"bio04,bio07,bio10,bio15,bio17,P1_pop_density,P2_dist_road,P3_road_density,P4_dist_urban",1:1,25,25,0,400,0.4215,"{""n_estimators"": 300, ""min_samples_leaf"": 5, ""max_features"": 0.7, ""max_depth"": 20}"
RF,M_SP,spatial_constrained,5,1,3,0.7622115384615384,0.07931487496627486,-7.692313452878352e-11,0.3671,inner_oof,1.0,0.0,0.37220733426945957,1.3444,-4.2989,13,400,9,"bio04,bio07,bio10,bio15,bio17,P1_pop_density,P2_dist_road,P3_road_density,P4_dist_urban",1:1,25,25,0,400,0.3671,"{""n_estimators"": 300, ""min_samples_leaf"": 10, ""max_features"": 0.7, ""max_depth"": null}"
RF,M_SP,two_step,5,1,3,0.8738461538461539,0.13435507341782488,0.4849999999218644,0.49,inner_oof,1.0,0.485,0.3370584745762712,0.8609,-4.2499,13,400,9,"bio04,bio07,bio10,bio15,bio17,P1_pop_density,P2_dist_road,P3_road_density,P4_dist_urban",1:3,75,25,0,400,0.49,"{""n_estimators"": 200, ""min_samples_leaf"": 1, ""max_features"": ""sqrt"", ""max_depth"": 10}"
RF,M_SP,uncertainty_zone,5,1,3,0.7294230769230768,0.26075801616401434,-7.692313452878352e-11,0.1623,inner_oof,1.0,0.0,0.5253228422359263,3.8593,-7.7219,13,400,9,"bio04,bio07,bio10,bio15,bio17,P1_pop_density,P2_dist_road,P3_road_density,P4_dist_urban",1:1,25,25,0,400,0.1623,"{""n_estimators"": 300, ""min_samples_leaf"": 5, ""max_features"": 0.7, ""max_depth"": 20}"
RF,M_SAP,random,5,1,3,0.8618269230769231,0.18922590069047265,0.3274999999222581,0.3,inner_oof,1.0,0.3275,0.30901543583535107,0.5366,-4.0942,13,400,10,"bio04,bio07,bio10,bio15,bio17,A1_dist_waterway,A2_waterway_order,P1_pop_density,P3_road_density,P4_dist_urban",1:1,25,25,0,400,0.3,"{""n_estimators"": 200, ""min_samples_leaf"": 1, ""max_features"": 0.5, ""max_depth"": 20}"
RF,M_SAP,spatial_constrained,5,1,3,0.7485576923076923,0.0794784099098116,-7.692313452878352e-11,0.3576,inner_oof,1.0,0.0,0.39937832178553795,1.3627,-4.445,13,400,10,"bio04,bio07,bio10,bio15,bio17,A1_dist_waterway,A2_waterway_order,P1_pop_density,P3_road_density,P4_dist_urban",1:1,25,25,0,400,0.3576,"{""n_estimators"": 300, ""min_samples_leaf"": 10, ""max_features"": 0.7, ""max_depth"": null}"
RF,M_SAP,two_step,5,1,3,0.8783653846153846,0.1413200397651329,0.6111538460868449,0.58,inner_oof,0.8462,0.765,0.1846535108958838,0.9817,-3.6392,13,400,10,"bio04,bio07,bio10,bio15,bio17,A1_dist_waterway,A2_waterway_order,P1_pop_density,P3_road_density,P4_dist_urban",1:3,75,25,0,400,0.58,"{""n_estimators"": 200, ""min_samples_leaf"": 1, ""max_features"": ""sqrt"", ""max_depth"": 10}"
RF,M_SAP,uncertainty_zone,5,1,3,0.8439423076923078,0.17223205101473307,-7.692313452878352e-11,0.1359,inner_oof,1.0,0.0,0.19600232608596532,1.15,-3.5736,13,400,10,"bio04,bio07,bio10,bio15,bio17,A1_dist_waterway,A2_waterway_order,P1_pop_density,P3_road_density,P4_dist_urban",1:10,250,25,0,400,0.1359,"{""n_estimators"": 200, ""min_samples_leaf"": 5, ""max_features"": 0.5, ""max_depth"": 20}"
XGB,M_S,random,5,1,3,0.7227884615384615,0.06214053098928529,-7.692313452878352e-11,0.4778,inner_oof,1.0,0.0,0.7406664490699768,0.8416,-5.1306,13,400,5,"bio04,bio07,bio10,bio15,bio17",1:1,25,25,0,400,0.4778,"{""subsample"": 0.7, ""n_estimators"": 200, ""min_child_weight"": 1, ""max_depth"": 3, ""learning_rate"": 0.05, ""colsample_bytree"": 0.8}"
XGB,M_S,spatial_constrained,5,1,3,0.35701923076923076,0.025444974255252325,-7.692313452878352e-11,0.1958,inner_oof,1.0,0.0,0.8176003694534302,-0.416,-2.395,13,400,5,"bio04,bio07,bio10,bio15,bio17",1:1,25,25,0,400,0.1958,"{""subsample"": 0.7, ""n_estimators"": 200, ""min_child_weight"": 1, ""max_depth"": 3, ""learning_rate"": 0.05, ""colsample_bytree"": 0.8}"
XGB,M_S,two_step,5,1,3,0.5,0.031476997578692496,-7.692313452878352e-11,0.497,inner_oof,1.0,0.0,0.6895799040794373,-1.5046,-0.8939,13,400,5,"bio04,bio07,bio10,bio15,bio17",1:3,75,25,0,400,0.497,"{""subsample"": 0.9, ""n_estimators"": 200, ""min_child_weight"": 10, ""max_depth"": 3, ""learning_rate"": 0.1, ""colsample_bytree"": 0.8}"
XGB,M_S,uncertainty_zone,5,1,3,0.5,0.031476997578692496,-7.692313452878352e-11,0.3627,inner_oof,1.0,0.0,0.25697067379951477,-0.1011,-3.4225,13,400,5,"bio04,bio07,bio10,bio15,bio17",1:3,75,25,0,400,0.3627,"{""subsample"": 0.7, ""n_estimators"": 200, ""min_child_weight"": 10, ""max_depth"": 5, ""learning_rate"": 0.2, ""colsample_bytree"": 1.0}"
XGB,M_SA,random,5,1,3,0.8378846153846154,0.1790936021395148,-7.692313452878352e-11,0.421,inner_oof,1.0,0.0,0.5580061078071594,1.1656,-5.7415,13,400,7,"bio04,bio07,bio10,bio15,bio17,A1_dist_waterway,A2_waterway_order",1:1,25,25,0,400,0.421,"{""subsample"": 0.7, ""n_estimators"": 200, ""min_child_weight"": 1, ""max_depth"": 3, ""learning_rate"": 0.05, ""colsample_bytree"": 0.8}"
XGB,M_SA,spatial_constrained,5,1,3,0.5802884615384617,0.04210735310791845,-7.692313452878352e-11,0.2226,inner_oof,1.0,0.0,0.6914575099945068,0.4652,-4.3329,13,400,7,"bio04,bio07,bio10,bio15,bio17,A1_dist_waterway,A2_waterway_order",1:1,25,25,0,400,0.2226,"{""subsample"": 0.7, ""n_estimators"": 200, ""min_child_weight"": 1, ""max_depth"": 3, ""learning_rate"": 0.05, ""colsample_bytree"": 0.8}"
XGB,M_SA,two_step,5,1,3,0.5,0.031476997578692496,-7.692313452878352e-11,0.8045,inner_oof,1.0,0.0,0.8358319997787476,-1.158,-0.4506,13,400,7,"bio04,bio07,bio10,bio15,bio17,A1_dist_waterway,A2_waterway_order",1:3,75,25,0,400,0.8045,"{""subsample"": 1.0, ""n_estimators"": 300, ""min_child_weight"": 5, ""max_depth"": 7, ""learning_rate"": 0.1, ""colsample_bytree"": 0.6}"
XGB,M_SA,uncertainty_zone,5,1,3,0.3701923076923077,0.026855107254733772,0.009999999923051783,0.5831,inner_oof,1.0,0.01,0.6777759790420532,-0.2279,-3.0512,13,400,7,"bio04,bio07,bio10,bio15,bio17,A1_dist_waterway,A2_waterway_order",1:1,25,25,0,400,0.5831,"{""subsample"": 0.7, ""n_estimators"": 200, ""min_child_weight"": 1, ""max_depth"": 3, ""learning_rate"": 0.05, ""colsample_bytree"": 0.8}"
XGB,M_SP,random,5,1,3,0.7646153846153846,0.07930538872657099,-7.692313452878352e-11,0.1491,inner_oof,1.0,0.0,0.33091214299201965,0.4558,-3.8993,13,400,9,"bio04,bio07,bio10,bio15,bio17,P1_pop_density,P2_dist_road,P3_road_density,P4_dist_urban",1:10,250,25,0,400,0.1491,"{""subsample"": 1.0, ""n_estimators"": 300, ""min_child_weight"": 10, ""max_depth"": 7, ""learning_rate"": 0.1, ""colsample_bytree"": 0.8}"
XGB,M_SP,spatial_constrained,5,1,3,0.7388461538461539,0.10098900883278089,0.004999999923064324,0.321,inner_oof,1.0,0.005,0.24420079588890076,1.0041,-3.6213,13,400,9,"bio04,bio07,bio10,bio15,bio17,P1_pop_density,P2_dist_road,P3_road_density,P4_dist_urban",1:3,75,25,0,400,0.321,"{""subsample"": 0.7, ""n_estimators"": 200, ""min_child_weight"": 10, ""max_depth"": 5, ""learning_rate"": 0.2, ""colsample_bytree"": 1.0}"
XGB,M_SP,two_step,5,1,3,0.5,0.031476997578692496,-7.692313452878352e-11,0.4402,inner_oof,1.0,0.0,0.6894123554229736,-1.505,-0.8945,13,400,9,"bio04,bio07,bio10,bio15,bio17,P1_pop_density,P2_dist_road,P3_road_density,P4_dist_urban",1:3,75,25,0,400,0.4402,"{""subsample"": 0.9, ""n_estimators"": 200, ""min_child_weight"": 10, ""max_depth"": 3, ""learning_rate"": 0.1, ""colsample_bytree"": 0.8}"
XGB,M_SP,uncertainty_zone,5,1,3,0.520576923076923,0.03116447417369775,0.050769230749429406,0.7809,inner_oof,0.2308,0.82,0.5212288498878479,0.2223,-3.6523,13,400,9,"bio04,bio07,bio10,bio15,bio17,P1_pop_density,P2_dist_road,P3_road_density,P4_dist_urban",1:1,25,25,0,400,inf,"{""subsample"": 1.0, ""n_estimators"": 200, ""min_child_weight"": 5, ""max_depth"": 5, ""learning_rate"": 0.05, ""colsample_bytree"": 0.6}"
XGB,M_SAP,random,5,1,3,0.8560576923076924,0.11151734368628234,0.02999999992300184,0.5048,inner_oof,1.0,0.03,0.381614625453949,1.1456,-4.6483,13,400,10,"bio04,bio07,bio10,bio15,bio17,A1_dist_waterway,A2_waterway_order,P1_pop_density,P3_road_density,P4_dist_urban",1:3,75,25,0,400,0.5048,"{""subsample"": 1.0, ""n_estimators"": 300, ""min_child_weight"": 5, ""max_depth"": 7, ""learning_rate"": 0.1, ""colsample_bytree"": 0.6}"
XGB,M_SAP,spatial_constrained,5,1,3,0.7388461538461539,0.10098900883278089,0.004999999923064324,0.321,inner_oof,1.0,0.005,0.24420079588890076,1.0041,-3.6213,13,400,10,"bio04,bio07,bio10,bio15,bio17,A1_dist_waterway,A2_waterway_order,P1_pop_density,P3_road_density,P4_dist_urban",1:3,75,25,0,400,0.321,"{""subsample"": 0.7, ""n_estimators"": 200, ""min_child_weight"": 10, ""max_depth"": 5, ""learning_rate"": 0.2, ""colsample_bytree"": 1.0}"
XGB,M_SAP,two_step,5,1,3,0.823076923076923,0.09453998655709275,0.15269230766652653,0.7951,inner_oof,0.3077,0.845,0.27265965938568115,0.727,-3.8118,13,400,10,"bio04,bio07,bio10,bio15,bio17,A1_dist_waterway,A2_waterway_order,P1_pop_density,P3_road_density,P4_dist_urban",1:3,75,25,0,400,0.7951,"{""subsample"": 1.0, ""n_estimators"": 300, ""min_child_weight"": 5, ""max_depth"": 7, ""learning_rate"": 0.1, ""colsample_bytree"": 0.6}"
XGB,M_SAP,uncertainty_zone,5,1,3,0.539423076923077,0.04480148204286136,0.11384615383191954,0.8166,inner_oof,0.1538,0.96,0.490433007478714,1.3904,-4.7207,13,400,10,"bio04,bio07,bio10,bio15,bio17,A1_dist_waterway,A2_waterway_order,P1_pop_density,P3_road_density,P4_dist_urban",1:1,25,25,0,400,inf,"{""subsample"": 1.0, ""n_estimators"": 200, ""min_child_weight"": 5, ""max_depth"": 5, ""learning_rate"": 0.05, ""colsample_bytree"": 0.6}"
MXN,M_S,random,5,1,3,0.45182692307692307,0.028670743614998703,-7.692313452878352e-11,0.1287,inner_oof,1.0,0.0,0.9475514524963579,-0.0172,-3.239,13,400,5,"bio04,bio07,bio10,bio15,bio17",1:10,250,25,0,400,0.1287,"{""l1_ratio"": 0.25, ""C"": 5.0}"
MXN,M_S,spatial_constrained,5,1,3,0.4785576923076923,0.0318355033865993,0.009999999923051783,0.0298,inner_oof,1.0,0.01,0.8736772110741283,-0.0068,-3.3567,13,400,5,"bio04,bio07,bio10,bio15,bio17",1:10,250,25,0,400,0.0298,"{""l1_ratio"": 0.25, ""C"": 5.0}"
MXN,M_S,two_step,5,1,3,0.49173076923076925,0.031068223316289362,-7.692313452878352e-11,0.8188,inner_oof,1.0,0.0,0.9293106891253083,-0.0906,-2.9338,13,400,5,"bio04,bio07,bio10,bio15,bio17",1:1,25,25,0,400,0.8188,"{""l1_ratio"": 0.75, ""C"": 1.0}"
MXN,M_S,uncertainty_zone,5,1,3,0.36817307692307694,0.02571097571628346,-7.692313452878352e-11,0.001,inner_oof,1.0,0.0,0.9085288214439422,-0.1007,-2.5017,13,400,5,"bio04,bio07,bio10,bio15,bio17",1:3,75,25,0,400,0.001,"{""l1_ratio"": 0.75, ""C"": 5.0}"
MXN,M_SA,random,5,1,3,0.48865384615384616,0.03103884338256269,0.24749999992245808,0.7547,inner_oof,1.0,0.2475,0.7368906705510383,0.0199,-3.5164,13,400,7,"bio04,bio07,bio10,bio15,bio17,A1_dist_waterway,A2_waterway_order",1:1,25,25,0,400,0.7547,"{""l1_ratio"": 0.0, ""C"": 0.05}"
MXN,M_SA,spatial_constrained,5,1,3,0.48923076923076925,0.030852527243280185,0.1849999999226144,0.0106,inner_oof,1.0,0.185,0.7319974330960051,0.0355,-3.7356,13,400,7,"bio04,bio07,bio10,bio15,bio17,A1_dist_waterway,A2_waterway_order",1:10,250,25,0,400,0.0106,"{""l1_ratio"": 0.25, ""C"": 5.0}"
MXN,M_SA,two_step,5,1,3,0.6157692307692307,0.04109699979361421,-7.692313452878352e-11,0.6966,inner_oof,1.0,0.0,0.8788372451633067,0.28,-4.5378,13,400,7,"bio04,bio07,bio10,bio15,bio17,A1_dist_waterway,A2_waterway_order",1:1,25,25,0,400,0.6966,"{""l1_ratio"": 0.75, ""C"": 1.0}"
MXN,M_SA,uncertainty_zone,5,1,3,0.3237500000000001,0.024399423886625214,-7.692313452878352e-11,0.0009,inner_oof,1.0,0.0,0.9571014199462743,-0.1724,-1.6817,13,400,7,"bio04,bio07,bio10,bio15,bio17,A1_dist_waterway,A2_waterway_order",1:3,75,25,0,400,0.0009,"{""l1_ratio"": 0.75, ""C"": 5.0}"
MXN,M_SP,random,5,1,3,0.45596153846153853,0.029610078335804632,0.15999999992267688,0.169,inner_oof,1.0,0.16,0.7807982124593182,0.0247,-3.6451,13,400,9,"bio04,bio07,bio10,bio15,bio17,P1_pop_density,P2_dist_road,P3_road_density,P4_dist_urban",1:10,250,25,0,400,0.169,"{""l1_ratio"": 0.25, ""C"": 5.0}"
MXN,M_SP,spatial_constrained,5,1,3,0.4832692307692308,0.03109109158062335,0.24749999992245808,0.0882,inner_oof,1.0,0.2475,0.6937832013348095,0.0256,-3.6098,13,400,9,"bio04,bio07,bio10,bio15,bio17,P1_pop_density,P2_dist_road,P3_road_density,P4_dist_urban",1:10,250,25,0,400,0.0882,"{""l1_ratio"": 0.25, ""C"": 5.0}"
MXN,M_SP,two_step,5,1,3,0.4796153846153846,0.03076907741070863,0.22999999992250197,0.685,inner_oof,1.0,0.23,0.7434494646150981,0.0333,-3.695,13,400,9,"bio04,bio07,bio10,bio15,bio17,P1_pop_density,P2_dist_road,P3_road_density,P4_dist_urban",1:10,250,25,0,400,0.685,"{""l1_ratio"": 0.25, ""C"": 5.0}"
MXN,M_SP,uncertainty_zone,5,1,3,0.4746153846153846,0.030516176951562723,0.13999999992272683,0.0185,inner_oof,1.0,0.14,0.7515640183663344,0.028,-3.6245,13,400,9,"bio04,bio07,bio10,bio15,bio17,P1_pop_density,P2_dist_road,P3_road_density,P4_dist_urban",1:5,125,25,0,400,0.0185,"{""l1_ratio"": 0.25, ""C"": 1.0}"
MXN,M_SAP,random,5,1,3,0.4548076923076923,0.02946723231419093,0.15499999992268942,0.117,inner_oof,1.0,0.155,0.7799181075031535,0.0293,-3.6969,13,400,10,"bio04,bio07,bio10,bio15,bio17,A1_dist_waterway,A2_waterway_order,P1_pop_density,P3_road_density,P4_dist_urban",1:10,250,25,0,400,0.117,"{""l1_ratio"": 0.25, ""C"": 5.0}"
MXN,M_SAP,spatial_constrained,5,1,3,0.4823076923076923,0.031024691076658954,0.18999999992260186,0.0229,inner_oof,1.0,0.19,0.7130478168428507,0.0239,-3.6026,13,400,10,"bio04,bio07,bio10,bio15,bio17,A1_dist_waterway,A2_waterway_order,P1_pop_density,P3_road_density,P4_dist_urban",1:10,250,25,0,400,0.0229,"{""l1_ratio"": 0.25, ""C"": 5.0}"
MXN,M_SAP,two_step,5,1,3,0.4690384615384615,0.03029092473560345,0.2174999999225331,0.5918,inner_oof,1.0,0.2175,0.724770917330445,0.0126,-3.4752,13,400,10,"bio04,bio07,bio10,bio15,bio17,A1_dist_waterway,A2_waterway_order,P1_pop_density,P3_road_density,P4_dist_urban",1:1,25,25,0,400,0.5918,"{""l1_ratio"": 0.0, ""C"": 0.05}"
MXN,M_SAP,uncertainty_zone,5,1,3,0.4788461538461539,0.030618245464824913,-7.692313452878352e-11,0.001,inner_oof,1.0,0.0,0.7628218090655147,0.0071,-3.483,13,400,10,"bio04,bio07,bio10,bio15,bio17,A1_dist_waterway,A2_waterway_order,P1_pop_density,P3_road_density,P4_dist_urban",1:3,75,25,0,400,0.001,"{""l1_ratio"": 0.75, ""C"": 5.0}"
RF,M_S,random,5,2,3,0.8566255627324331,0.1814089732322815,0.4752397728772857,0.81,inner_oof,0.9231,0.5522,0.41464630541871916,0.5397,-4.3952,13,393,5,"bio07,bio10,bio12,bio15,bio17",1:1,25,25,0,393,0.81,"{""n_estimators"": 100, ""min_samples_leaf"": 1, ""max_features"": 0.7, ""max_depth"": 20}"
RF,M_S,spatial_constrained,5,2,3,0.8017224505774124,0.3461749032402619,0.3462517126090079,0.5167,inner_oof,0.6923,0.6539,0.17327583470169677,0.7521,-3.1338,13,393,5,"bio07,bio10,bio12,bio15,bio17",1:5,125,25,0,393,0.5167,"{""n_estimators"": 300, ""min_samples_leaf"": 1, ""max_features"": ""sqrt"", ""max_depth"": null}"
RF,M_S,two_step,5,2,3,0.8695439420630261,0.22899847732327688,0.4989234683338104,0.8233,inner_oof,0.6923,0.8066,0.3491900383141762,1.3781,-4.978,13,393,5,"bio07,bio10,bio12,bio15,bio17",1:5,125,25,0,393,0.8233,"{""n_estimators"": 300, ""min_samples_leaf"": 1, ""max_features"": ""sqrt"", ""max_depth"": null}"
RF,M_S,uncertainty_zone,5,2,3,0.689469563515365,0.3068554961813696,0.29496966135569425,0.4603,inner_oof,0.3077,0.9873,0.07287060269286828,0.9054,-2.2929,13,393,5,"bio07,bio10,bio12,bio15,bio17",1:10,250,25,0,393,0.4603,"{""n_estimators"": 300, ""min_samples_leaf"": 5, ""max_features"": ""sqrt"", ""max_depth"": 20}"
RF,M_SA,random,5,2,3,0.9009590917987865,0.3478929250316741,0.5746721471414529,0.8667,inner_oof,0.6154,0.9593,0.27986384496442257,1.5931,-4.9231,13,393,7,"bio07,bio10,bio12,bio15,bio17,A1_dist_waterway,A2_waterway_order",1:1,25,25,0,393,0.8667,"{""n_estimators"": 100, ""min_samples_leaf"": 2, ""max_features"": 0.5, ""max_depth"": null}"
RF,M_SA,spatial_constrained,5,2,3,0.8094539048737524,0.2694735674370936,0.3685652769129697,0.7552,inner_oof,0.6154,0.7532,0.2963991453332041,1.0732,-4.1739,13,393,7,"bio07,bio10,bio12,bio15,bio17,A1_dist_waterway,A2_waterway_order",1:1,25,25,0,393,0.7552,"{""n_estimators"": 300, ""min_samples_leaf"": 5, ""max_features"": ""sqrt"", ""max_depth"": 20}"
RF,M_SA,two_step,5,2,3,0.9005676257584654,0.24635507979344134,0.6425915051198099,0.9,inner_oof,0.8462,0.7964,0.39995443349753684,0.2836,-4.0282,13,393,7,"bio07,bio10,bio12,bio15,bio17,A1_dist_waterway,A2_waterway_order",1:1,25,25,0,393,0.9,"{""n_estimators"": 100, ""min_samples_leaf"": 1, ""max_features"": 0.7, ""max_depth"": 20}"
RF,M_SA,uncertainty_zone,5,2,3,0.8399882560187903,0.2697038265926007,0.16206694067277372,0.7684,inner_oof,0.2308,0.9313,0.2096312425647599,1.281,-3.8494,13,393,7,"bio07,bio10,bio12,bio15,bio17,A1_dist_waterway,A2_waterway_order",1:1,25,25,0,393,0.7684,"{""n_estimators"": 100, ""min_samples_leaf"": 2, ""max_features"": 0.5, ""max_depth"": null}"
RF,M_SP,random,5,2,3,0.8505578391074574,0.2368272969116715,0.36739087880345256,0.7334,inner_oof,0.4615,0.9059,0.2168303025778468,1.4985,-3.989,13,393,8,"bio07,bio10,bio12,bio15,bio17,P1_pop_density,P2_dist_road,P3_road_density",1:1,25,25,0,393,0.7334,"{""n_estimators"": 300, ""min_samples_leaf"": 5, ""max_features"": ""sqrt"", ""max_depth"": 20}"
RF,M_SP,spatial_constrained,5,2,3,0.7631630456057937,0.09354910811665287,0.3468389116637667,0.67,inner_oof,0.7692,0.5776,0.3603423645320197,0.2835,-3.6143,13,393,8,"bio07,bio10,bio12,bio15,bio17,P1_pop_density,P2_dist_road,P3_road_density",1:1,25,25,0,393,0.67,"{""n_estimators"": 100, ""min_samples_leaf"": 1, ""max_features"": 0.7, ""max_depth"": 20}"
RF,M_SP,two_step,5,2,3,0.866412213740458,0.20923770470033923,0.47915443329192864,0.7014,inner_oof,0.7692,0.7099,0.31113075451637784,1.157,-4.6063,13,393,8,"bio07,bio10,bio12,bio15,bio17,P1_pop_density,P2_dist_road,P3_road_density",1:1,25,25,0,393,0.7014,"{""n_estimators"": 300, ""min_samples_leaf"": 5, ""max_features"": ""sqrt"", ""max_depth"": 20}"
RF,M_SP,uncertainty_zone,5,2,3,0.8445879819925621,0.23619478598613383,0.3566255627003738,0.8,inner_oof,0.3846,0.972,0.18455221674876848,1.2865,-3.6329,13,393,8,"bio07,bio10,bio12,bio15,bio17,P1_pop_density,P2_dist_road,P3_road_density",1:1,25,25,0,393,0.8,"{""n_estimators"": 100, ""min_samples_leaf"": 1, ""max_features"": 0.7, ""max_depth"": 20}"
RF,M_SAP,random,5,2,3,0.8453709140732041,0.24594647605357722,0.37247993732761264,0.835,inner_oof,0.4615,0.9109,0.24489630611407123,0.9488,-3.9916,13,393,9,"bio07,bio10,bio12,bio15,bio17,A1_dist_waterway,A2_waterway_order,P1_pop_density,P3_road_density",1:1,25,25,0,393,0.835,"{""n_estimators"": 100, ""min_samples_leaf"": 2, ""max_features"": 0.5, ""max_depth"": null}"
RF,M_SAP,spatial_constrained,5,2,3,0.8091603053435115,0.09152605681254719,0.41436680363041045,0.7252,inner_oof,0.6154,0.799,0.2571529033764368,0.5449,-3.6549,13,393,9,"bio07,bio10,bio12,bio15,bio17,A1_dist_waterway,A2_waterway_order,P1_pop_density,P3_road_density",1:1,25,25,0,393,0.7252,"{""n_estimators"": 100, ""min_samples_leaf"": 2, ""max_features"": 0.5, ""max_depth"": null}"
RF,M_SAP,two_step,5,2,3,0.853493834409865,0.17108895813895722,0.48678802107816876,0.6954,inner_oof,0.7692,0.7176,0.2475306064336169,0.8143,-3.9445,13,393,9,"bio07,bio10,bio12,bio15,bio17,A1_dist_waterway,A2_waterway_order,P1_pop_density,P3_road_density",1:1,25,25,0,393,0.6954,"{""n_estimators"": 200, ""min_samples_leaf"": 10, ""max_features"": 0.7, ""max_depth"": 5}"
RF,M_SAP,uncertainty_zone,5,2,3,0.8405754550792719,0.24325786810796213,0.5218242316925308,0.5216,inner_oof,0.6923,0.8295,0.18407283946647127,3.1434,-3.2769,13,393,9,"bio07,bio10,bio12,bio15,bio17,A1_dist_waterway,A2_waterway_order,P1_pop_density,P3_road_density",1:3,75,25,0,393,0.5216,"{""n_estimators"": 200, ""min_samples_leaf"": 5, ""max_features"": ""sqrt"", ""max_depth"": 5}"
XGB,M_S,random,5,2,3,0.8166960266196909,0.22847502460596594,0.4766099040298486,0.8866,inner_oof,0.7692,0.7074,0.29541435837745667,0.5264,-3.8042,13,393,5,"bio07,bio10,bio12,bio15,bio17",1:5,125,25,0,393,0.8866,"{""subsample"": 1.0, ""n_estimators"": 100, ""min_child_weight"": 5, ""max_depth"": 7, ""learning_rate"": 0.1, ""colsample_bytree"": 1.0}"
XGB,M_S,spatial_constrained,5,2,3,0.7172636523781561,0.17010890233410011,0.395380700686333,0.6843,inner_oof,0.4615,0.9338,0.12148842960596085,0.4177,-2.9928,13,393,5,"bio07,bio10,bio12,bio15,bio17",1:3,75,25,0,393,0.6843,"{""subsample"": 1.0, ""n_estimators"": 200, ""min_child_weight"": 5, ""max_depth"": 7, ""learning_rate"": 0.2, ""colsample_bytree"": 1.0}"
XGB,M_S,two_step,5,2,3,0.8954785672342924,0.24207218999538016,0.4055588177346532,0.9817,inner_oof,0.4615,0.944,0.4202355444431305,0.9533,-5.8341,13,393,5,"bio07,bio10,bio12,bio15,bio17",1:3,75,25,0,393,0.9817,"{""subsample"": 0.7, ""n_estimators"": 300, ""min_child_weight"": 1, ""max_depth"": 5, ""learning_rate"": 0.2, ""colsample_bytree"": 0.6}"
XGB,M_S,uncertainty_zone,5,2,3,0.7938931297709924,0.3055807413482216,0.29496966135569425,0.9392,inner_oof,0.3077,0.9873,0.11681051552295685,0.387,-2.7165,13,393,5,"bio07,bio10,bio12,bio15,bio17",1:10,250,25,0,393,0.9392,"{""subsample"": 0.7, ""n_estimators"": 200, ""min_child_weight"": 1, ""max_depth"": 7, ""learning_rate"": 0.2, ""colsample_bytree"": 0.8}"
XGB,M_SA,random,5,2,3,0.8310824036014877,0.2583587097132557,0.5269132902166909,0.9145,inner_oof,0.6923,0.8346,0.2742435932159424,0.5342,-3.7654,13,393,7,"bio07,bio10,bio12,bio15,bio17,A1_dist_waterway,A2_waterway_order",1:5,125,25,0,393,0.9145,"{""subsample"": 1.0, ""n_estimators"": 100, ""min_child_weight"": 5, ""max_depth"": 7, ""learning_rate"": 0.1, ""colsample_bytree"": 1.0}"
XGB,M_SA,spatial_constrained,5,2,3,0.7907614014484244,0.2655176930668881,0.4938344098096503,0.5792,inner_oof,0.6923,0.8015,0.1772339940071106,0.3667,-3.0941,13,393,7,"bio07,bio10,bio12,bio15,bio17,A1_dist_waterway,A2_waterway_order",1:3,75,25,0,393,0.5792,"{""subsample"": 0.7, ""n_estimators"": 300, ""min_child_weight"": 1, ""max_depth"": 5, ""learning_rate"": 0.2, ""colsample_bytree"": 0.6}"
XGB,M_SA,two_step,5,2,3,0.8872577803875514,0.282966085858145,0.5738892150436488,0.8711,inner_oof,0.8462,0.7277,0.45232290029525757,1.7069,-6.7563,13,393,7,"bio07,bio10,bio12,bio15,bio17,A1_dist_waterway,A2_waterway_order",1:1,25,25,0,393,0.8711,"{""subsample"": 0.9, ""n_estimators"": 100, ""min_child_weight"": 1, ""max_depth"": 3, ""learning_rate"": 0.05, ""colsample_bytree"": 0.8}"
XGB,M_SA,uncertainty_zone,5,2,3,0.8491877079663339,0.3288699257692664,0.523781561899852,0.827,inner_oof,0.6154,0.9084,0.17449131608009338,0.3588,-2.9746,13,393,7,"bio07,bio10,bio12,bio15,bio17,A1_dist_waterway,A2_waterway_order",1:10,250,25,0,393,0.827,"{""subsample"": 1.0, ""n_estimators"": 200, ""min_child_weight"": 1, ""max_depth"": 5, ""learning_rate"": 0.1, ""colsample_bytree"": 0.8}"
XGB,M_SP,random,5,2,3,0.8121941671559992,0.12940289955915293,0.29555686041045304,0.9168,inner_oof,0.3846,0.9109,0.21179082989692688,0.2864,-3.0887,13,393,8,"bio07,bio10,bio12,bio15,bio17,P1_pop_density,P2_dist_road,P3_road_density",1:10,250,25,0,393,0.9168,"{""subsample"": 1.0, ""n_estimators"": 200, ""min_child_weight"": 1, ""max_depth"": 5, ""learning_rate"": 0.1, ""colsample_bytree"": 0.8}"
XGB,M_SP,spatial_constrained,5,2,3,0.8250146799765121,0.10779520374864722,0.5447249950512512,0.6918,inner_oof,0.6923,0.8524,0.18715809285640717,0.5818,-3.5185,13,393,8,"bio07,bio10,bio12,bio15,bio17,P1_pop_density,P2_dist_road,P3_road_density",1:1,25,25,0,393,0.6918,"{""subsample"": 0.9, ""n_estimators"": 100, ""min_child_weight"": 1, ""max_depth"": 3, ""learning_rate"": 0.05, ""colsample_bytree"": 0.8}"
XGB,M_SP,two_step,5,2,3,0.8689567430025446,0.22297452270620485,0.4893325503402488,0.8653,inner_oof,0.7692,0.7201,0.30989977717399597,0.5856,-4.1162,13,393,8,"bio07,bio10,bio12,bio15,bio17,P1_pop_density,P2_dist_road,P3_road_density",1:1,25,25,0,393,0.8653,"{""subsample"": 0.9, ""n_estimators"": 100, ""min_child_weight"": 1, ""max_depth"": 3, ""learning_rate"": 0.05, ""colsample_bytree"": 0.8}"
XGB,M_SP,uncertainty_zone,5,2,3,0.9004697592483851,0.19093290584494935,0.20023487960397435,0.8872,inner_oof,0.2308,0.9695,0.06876784563064575,0.5092,-2.2844,13,393,8,"bio07,bio10,bio12,bio15,bio17,P1_pop_density,P2_dist_road,P3_road_density",1:10,250,25,0,393,0.8872,"{""subsample"": 0.7, ""n_estimators"": 200, ""min_child_weight"": 1, ""max_depth"": 7, ""learning_rate"": 0.2, ""colsample_bytree"": 0.8}"
XGB,M_SAP,random,5,2,3,0.7712859659424546,0.12786569784044508,0.2828342141000526,0.9378,inner_oof,0.3846,0.8982,0.24625243246555328,0.2047,-3.1185,13,393,9,"bio07,bio10,bio12,bio15,bio17,A1_dist_waterway,A2_waterway_order,P1_pop_density,P3_road_density",1:10,250,25,0,393,0.9378,"{""subsample"": 1.0, ""n_estimators"": 200, ""min_child_weight"": 1, ""max_depth"": 5, ""learning_rate"": 0.1, ""colsample_bytree"": 0.8}"
XGB,M_SAP,spatial_constrained,5,2,3,0.8051477784302212,0.10341859825914873,0.18046584456209258,0.8899,inner_oof,0.3077,0.8728,0.18812496960163116,0.552,-3.4997,13,393,9,"bio07,bio10,bio12,bio15,bio17,A1_dist_waterway,A2_waterway_order,P1_pop_density,P3_road_density",1:1,25,25,0,393,0.8899,"{""subsample"": 0.9, ""n_estimators"": 100, ""min_child_weight"": 1, ""max_depth"": 3, ""learning_rate"": 0.05, ""colsample_bytree"": 0.8}"
XGB,M_SAP,two_step,5,2,3,0.8779604619299276,0.20601225841080847,0.43217850846497075,0.9266,inner_oof,0.6154,0.8168,0.24295641481876373,0.6374,-4.0221,13,393,9,"bio07,bio10,bio12,bio15,bio17,A1_dist_waterway,A2_waterway_order,P1_pop_density,P3_road_density",1:1,25,25,0,393,0.9266,"{""subsample"": 0.9, ""n_estimators"": 100, ""min_child_weight"": 1, ""max_depth"": 3, ""learning_rate"": 0.05, ""colsample_bytree"": 0.8}"
XGB,M_SAP,uncertainty_zone,5,2,3,0.8996868271677432,0.26300764356285333,0.2746134272590539,0.8773,inner_oof,0.3077,0.9669,0.08173808455467224,0.5814,-2.7274,13,393,9,"bio07,bio10,bio12,bio15,bio17,A1_dist_waterway,A2_waterway_order,P1_pop_density,P3_road_density",1:10,250,25,0,393,0.8773,"{""subsample"": 0.7, ""n_estimators"": 200, ""min_child_weight"": 1, ""max_depth"": 7, ""learning_rate"": 0.2, ""colsample_bytree"": 0.8}"
MXN,M_S,random,5,2,3,0.7814640829908006,0.38530241546241584,0.49637893907173036,0.9353,inner_oof,0.6923,0.8041,0.41374446968131634,0.3666,-3.7852,13,393,5,"bio07,bio10,bio12,bio15,bio17",1:10,250,25,0,393,0.9353,"{""l1_ratio"": 0.5, ""C"": 1.0}"
MXN,M_S,spatial_constrained,5,2,3,0.8178704247406537,0.26269922002401425,0.3691524759677285,0.65,inner_oof,0.6923,0.6768,0.2557701220042023,1.0035,-3.8428,13,393,5,"bio07,bio10,bio12,bio15,bio17",1:3,75,25,0,393,0.65,"{""l1_ratio"": 0.25, ""C"": 0.1}"
MXN,M_S,two_step,5,2,3,0.7861616754746525,0.2357552844210309,0.3666079467056482,0.8081,inner_oof,0.6923,0.6743,0.41066013910116367,1.3947,-5.0658,13,393,5,"bio07,bio10,bio12,bio15,bio17",1:5,125,25,0,393,0.8081,"{""l1_ratio"": 0.5, ""C"": 0.1}"
MXN,M_S,uncertainty_zone,5,2,3,0.7910550009786651,0.35211854991751773,0.338618124822768,0.3348,inner_oof,0.6923,0.6463,0.22037821525361925,0.3342,-3.2546,13,393,5,"bio07,bio10,bio12,bio15,bio17",1:10,250,25,0,393,0.3348,"{""l1_ratio"": 0.5, ""C"": 1.0}"
MXN,M_SA,random,5,2,3,0.787531806615776,0.20543630164015406,0.4938344098096503,0.9672,inner_oof,0.6923,0.8015,0.46037101784065726,0.3891,-4.0793,13,393,7,"bio07,bio10,bio12,bio15,bio17,A1_dist_waterway,A2_waterway_order",1:1,25,25,0,393,0.9672,"{""l1_ratio"": 0.5, ""C"": 5.0}"
MXN,M_SA,spatial_constrained,5,2,3,0.8139557643374438,0.20150090108344448,0.32080641998820747,0.3478,inner_oof,0.6923,0.6285,0.25222573663416775,0.3152,-3.2924,13,393,7,"bio07,bio10,bio12,bio15,bio17,A1_dist_waterway,A2_waterway_order",1:10,250,25,0,393,0.3478,"{""l1_ratio"": 0.5, ""C"": 1.0}"
MXN,M_SA,two_step,5,2,3,0.8311802701115678,0.2208280847514727,0.42571931878824776,0.7974,inner_oof,0.7692,0.6565,0.41254578176124224,1.5207,-5.6284,13,393,7,"bio07,bio10,bio12,bio15,bio17,A1_dist_waterway,A2_waterway_order",1:1,25,25,0,393,0.7974,"{""l1_ratio"": 1.0, ""C"": 0.5}"
MXN,M_SA,uncertainty_zone,5,2,3,0.8532981013897045,0.22343278303525757,0.4022313563747688,0.5676,inner_oof,0.6923,0.7099,0.1921684344620975,0.9605,-3.5537,13,393,7,"bio07,bio10,bio12,bio15,bio17,A1_dist_waterway,A2_waterway_order",1:10,250,25,0,393,0.5676,"{""l1_ratio"": 0.25, ""C"": 0.05}"
MXN,M_SP,random,5,2,3,0.7797024858093561,0.20699651753063827,0.24955960064996652,0.6614,inner_oof,0.6923,0.5573,0.3199653332379943,1.4542,-4.3543,13,393,8,"bio07,bio10,bio12,bio15,bio17,P1_pop_density,P2_dist_road,P3_road_density",1:5,125,25,0,393,0.6614,"{""l1_ratio"": 0.5, ""C"": 0.1}"
MXN,M_SP,spatial_constrained,5,2,3,0.8264826776277157,0.2150171501209499,0.4728909766582512,0.7329,inner_oof,0.6154,0.8575,0.23310124605769292,1.1835,-3.8528,13,393,8,"bio07,bio10,bio12,bio15,bio17,P1_pop_density,P2_dist_road,P3_road_density",1:3,75,25,0,393,0.7329,"{""l1_ratio"": 0.25, ""C"": 0.1}"
MXN,M_SP,two_step,5,2,3,0.8374437267567039,0.20154555544274497,0.4296339792028907,0.9649,inner_oof,0.6154,0.8142,0.4758080436157223,0.6236,-5.0559,13,393,8,"bio07,bio10,bio12,bio15,bio17,P1_pop_density,P2_dist_road,P3_road_density",1:1,25,25,0,393,0.9649,"{""l1_ratio"": 0.5, ""C"": 5.0}"
MXN,M_SP,uncertainty_zone,5,2,3,0.6896652965355256,0.09433880860130632,0.1178312780765629,0.4866,inner_oof,0.7692,0.3486,0.2595609548778291,0.9662,-3.5475,13,393,8,"bio07,bio10,bio12,bio15,bio17,P1_pop_density,P2_dist_road,P3_road_density",1:1,25,25,0,393,0.4866,"{""l1_ratio"": 0.0, ""C"": 0.01}"
MXN,M_SAP,random,5,2,3,0.8071051086318263,0.14999932186415332,0.30495204536096887,0.6344,inner_oof,0.6154,0.6896,0.2704820727797911,1.3974,-4.116,13,393,9,"bio07,bio10,bio12,bio15,bio17,A1_dist_waterway,A2_waterway_order,P1_pop_density,P3_road_density",1:5,125,25,0,393,0.6344,"{""l1_ratio"": 0.5, ""C"": 0.1}"
MXN,M_SAP,spatial_constrained,5,2,3,0.8454687805832843,0.26267777506694173,0.41436680363041045,0.6865,inner_oof,0.6154,0.799,0.20633053467018359,1.1412,-3.684,13,393,9,"bio07,bio10,bio12,bio15,bio17,A1_dist_waterway,A2_waterway_order,P1_pop_density,P3_road_density",1:3,75,25,0,393,0.6865,"{""l1_ratio"": 0.25, ""C"": 0.1}"
MXN,M_SAP,two_step,5,2,3,0.8395967899784693,0.1973986423838261,0.4041886865820903,0.9341,inner_oof,0.6154,0.7888,0.4034939535345917,0.5915,-4.5707,13,393,9,"bio07,bio10,bio12,bio15,bio17,A1_dist_waterway,A2_waterway_order,P1_pop_density,P3_road_density",1:10,250,25,0,393,0.9341,"{""l1_ratio"": 0.5, ""C"": 1.0}"
MXN,M_SAP,uncertainty_zone,5,2,3,0.7196124486200821,0.16471868812536541,0.3080837736778075,0.5884,inner_oof,0.6923,0.6158,0.2570986490565072,0.6888,-3.4171,13,393,9,"bio07,bio10,bio12,bio15,bio17,A1_dist_waterway,A2_waterway_order,P1_pop_density,P3_road_density",1:3,75,25,0,393,0.5884,"{""l1_ratio"": 0.25, ""C"": 0.1}"
RF,M_S,random,5,3,3,0.9958333333333333,0.8638532763532764,0.3299999999158416,0.5409,inner_oof,1.0,0.33,0.26734826455455807,20.7788,-34.379,12,400,7,"bio04,bio07,bio11,bio12,bio15,bio17,elevation",1:1,26,26,0,400,0.5409,"{""n_estimators"": 200, ""min_samples_leaf"": 5, ""max_features"": 0.7, ""max_depth"": null}"
RF,M_S,spatial_constrained,5,3,3,0.9823958333333332,0.5095663065864304,0.1624999999162604,0.6469,inner_oof,1.0,0.1625,0.4772885342213666,9.1289,-15.2007,12,400,7,"bio04,bio07,bio11,bio12,bio15,bio17,elevation",1:1,26,26,0,400,0.6469,"{""n_estimators"": 100, ""min_samples_leaf"": 10, ""max_features"": 0.5, ""max_depth"": 20}"
RF,M_S,two_step,5,3,3,0.8232291666666667,0.1955585132756526,-8.333334022836425e-11,0.4307,inner_oof,1.0,0.0,0.5869534247375869,6.6339,-16.3026,12,400,7,"bio04,bio07,bio11,bio12,bio15,bio17,elevation",1:3,78,26,0,400,0.4307,"{""n_estimators"": 300, ""min_samples_leaf"": 10, ""max_features"": 0.7, ""max_depth"": 10}"
RF,M_S,uncertainty_zone,5,3,3,0.9911458333333334,0.8034511784511785,0.3333333333030555,0.72,inner_oof,0.3333,1.0,0.03430024271844661,3.4484,-1.7071,12,400,7,"bio04,bio07,bio11,bio12,bio15,bio17,elevation",1:1,26,26,0,400,0.72,"{""n_estimators"": 100, ""min_samples_leaf"": 1, ""max_features"": 0.5, ""max_depth"": 20}"
RF,M_SA,random,5,3,3,0.9742708333333333,0.6273078057133786,0.5974999999151729,0.6213,inner_oof,1.0,0.5975,0.29150457820564946,2.7909,-8.0308,12,400,9,"bio04,bio07,bio11,bio12,bio15,bio17,elevation,A1_dist_waterway,A2_waterway_order",1:1,26,26,0,400,0.6213,"{""n_estimators"": 200, ""min_samples_leaf"": 5, ""max_features"": 0.7, ""max_depth"": null}"
RF,M_SA,spatial_constrained,5,3,3,0.9461458333333334,0.31664957277274974,0.33499999991582907,0.6767,inner_oof,1.0,0.335,0.4794561715188471,5.5532,-10.0832,12,400,9,"bio04,bio07,bio11,bio12,bio15,bio17,elevation,A1_dist_waterway,A2_waterway_order",1:1,26,26,0,400,0.6767,"{""n_estimators"": 100, ""min_samples_leaf"": 10, ""max_features"": 0.5, ""max_depth"": 20}"
RF,M_SA,two_step,5,3,3,0.7920833333333334,0.22612502807029983,0.3099999999158918,0.6985,inner_oof,1.0,0.31,0.6870818468460014,1.9101,-8.9735,12,400,9,"bio04,bio07,bio11,bio12,bio15,bio17,elevation,A1_dist_waterway,A2_waterway_order",1:1,26,26,0,400,0.6985,"{""n_estimators"": 200, ""min_samples_leaf"": 5, ""max_features"": 0.7, ""max_depth"": null}"
RF,M_SA,uncertainty_zone,5,3,3,0.9945833333333334,0.8443001443001444,0.9649999999142542,0.6026,inner_oof,1.0,0.965,0.048019089897207365,14.123,-9.1858,12,400,9,"bio04,bio07,bio11,bio12,bio15,bio17,elevation,A1_dist_waterway,A2_waterway_order",1:1,26,26,0,400,0.6026,"{""n_estimators"": 200, ""min_samples_leaf"": 5, ""max_features"": 0.7, ""max_depth"": null}"
RF,M_SP,random,5,3,3,0.9737499999999999,0.5722252922683957,0.8599999999145167,0.6582,inner_oof,1.0,0.86,0.18965321701767276,2.828,-7.8725,12,400,10,"bio04,bio07,bio11,bio12,bio15,bio17,elevation,P1_pop_density,P2_dist_road,P3_road_density",1:1,26,26,0,400,0.6582,"{""n_estimators"": 100, ""min_samples_leaf"": 2, ""max_features"": ""sqrt"", ""max_depth"": 5}"
RF,M_SP,spatial_constrained,5,3,3,0.9801041666666667,0.44952380952380955,0.0024999999166603892,0.6321,inner_oof,1.0,0.0025,0.4780899859995321,6.4754,-11.5272,12,400,10,"bio04,bio07,bio11,bio12,bio15,bio17,elevation,P1_pop_density,P2_dist_road,P3_road_density",1:1,26,26,0,400,0.6321,"{""n_estimators"": 100, ""min_samples_leaf"": 10, ""max_features"": 0.5, ""max_depth"": 20}"
RF,M_SP,two_step,5,3,3,0.9671875000000001,0.3754713423831071,0.5299999999153417,0.8743,inner_oof,1.0,0.53,0.6198874134937147,1.724,-8.7864,12,400,10,"bio04,bio07,bio11,bio12,bio15,bio17,elevation,P1_pop_density,P2_dist_road,P3_road_density",1:1,26,26,0,400,0.8743,"{""n_estimators"": 100, ""min_samples_leaf"": 2, ""max_features"": ""sqrt"", ""max_depth"": 5}"
RF,M_SP,uncertainty_zone,5,3,3,0.9861458333333333,0.7231150793650795,0.3333333333030555,0.8,inner_oof,0.3333,1.0,0.03573228155339806,4.3713,-0.4137,12,400,10,"bio04,bio07,bio11,bio12,bio15,bio17,elevation,P1_pop_density,P2_dist_road,P3_road_density",1:1,26,26,0,400,0.8,"{""n_estimators"": 100, ""min_samples_leaf"": 1, ""max_features"": 0.5, ""max_depth"": 20}"
RF,M_SAP,random,5,3,3,0.9670833333333333,0.46788274104063576,0.8724999999144853,0.73,inner_oof,1.0,0.8725,0.2009296116504854,1.258,-4.9831,12,400,11,"bio04,bio07,bio11,bio12,bio15,bio17,elevation,A1_dist_waterway,A2_waterway_order,P1_pop_density,P3_road_density",1:1,26,26,0,400,0.73,"{""n_estimators"": 100, ""min_samples_leaf"": 1, ""max_features"": 0.5, ""max_depth"": 20}"
RF,M_SAP,spatial_constrained,5,3,3,0.9789583333333333,0.42822601010101,0.1624999999162604,0.6041,inner_oof,1.0,0.1625,0.42829966586812457,5.5237,-9.7811,12,400,11,"bio04,bio07,bio11,bio12,bio15,bio17,elevation,A1_dist_waterway,A2_waterway_order,P1_pop_density,P3_road_density",1:1,26,26,0,400,0.6041,"{""n_estimators"": 100, ""min_samples_leaf"": 10, ""max_features"": 0.5, ""max_depth"": 20}"
RF,M_SAP,two_step,5,3,3,0.9496875,0.5435674122967852,-8.333334022836425e-11,0.428,inner_oof,1.0,0.0,0.5795668442819749,3.9815,-13.5458,12,400,11,"bio04,bio07,bio11,bio12,bio15,bio17,elevation,A1_dist_waterway,A2_waterway_order,P1_pop_density,P3_road_density",1:1,26,26,0,400,0.428,"{""n_estimators"": 100, ""min_samples_leaf"": 10, ""max_features"": 0.5, ""max_depth"": 20}"
RF,M_SAP,uncertainty_zone,5,3,3,0.994375,0.8161304585936939,0.4091666666294633,0.5783,inner_oof,0.4167,0.9925,0.030204368339422697,7.1944,-2.2862,12,400,11,"bio04,bio07,bio11,bio12,bio15,bio17,elevation,A1_dist_waterway,A2_waterway_order,P1_pop_density,P3_road_density",1:1,26,26,0,400,0.5783,"{""n_estimators"": 100, ""min_samples_leaf"": 2, ""max_features"": ""sqrt"", ""max_depth"": 5}"
XGB,M_S,random,5,3,3,0.9842708333333333,0.628167641325536,-8.333334022836425e-11,0.3809,inner_oof,1.0,0.0,0.5508161783218384,11.4196,-22.8362,12,400,7,"bio04,bio07,bio11,bio12,bio15,bio17,elevation",1:3,78,26,0,400,0.3809,"{""subsample"": 0.9, ""n_estimators"": 300, ""min_child_weight"": 10, ""max_depth"": 3, ""learning_rate"": 0.05, ""colsample_bytree"": 1.0}"
XGB,M_S,spatial_constrained,5,3,3,0.8701041666666667,0.22129332722553063,0.007499999916647848,0.6303,inner_oof,1.0,0.0075,0.4960789382457733,4.4609,-12.037,12,400,7,"bio04,bio07,bio11,bio12,bio15,bio17,elevation",1:3,78,26,0,400,0.6303,"{""subsample"": 0.9, ""n_estimators"": 300, ""min_child_weight"": 10, ""max_depth"": 3, ""learning_rate"": 0.05, ""colsample_bytree"": 1.0}"
XGB,M_S,two_step,5,3,3,0.9912500000000001,0.631578947368421,0.3124999999158855,0.7863,inner_oof,1.0,0.3125,0.6740630865097046,8.8495,-30.5418,12,400,7,"bio04,bio07,bio11,bio12,bio15,bio17,elevation",1:3,78,26,0,400,0.7863,"{""subsample"": 0.7, ""n_estimators"": 200, ""min_child_weight"": 5, ""max_depth"": 5, ""learning_rate"": 0.1, ""colsample_bytree"": 1.0}"
XGB,M_S,uncertainty_zone,5,3,3,0.9717708333333333,0.4824339549339549,0.4016666666294819,0.83,inner_oof,0.4167,0.985,0.03233484923839569,0.7135,-1.7209,12,400,7,"bio04,bio07,bio11,bio12,bio15,bio17,elevation",1:10,260,26,0,400,0.83,"{""subsample"": 0.7, ""n_estimators"": 200, ""min_child_weight"": 1, ""max_depth"": 3, ""learning_rate"": 0.1, ""colsample_bytree"": 0.6}"
XGB,M_SA,random,5,3,3,0.948125,0.5388513513513514,-8.333334022836425e-11,0.494,inner_oof,1.0,0.0,0.5164057612419128,4.6045,-11.4614,12,400,9,"bio04,bio07,bio11,bio12,bio15,bio17,elevation,A1_dist_waterway,A2_waterway_order",1:3,78,26,0,400,0.494,"{""subsample"": 0.9, ""n_estimators"": 300, ""min_child_weight"": 10, ""max_depth"": 3, ""learning_rate"": 0.05, ""colsample_bytree"": 1.0}"
XGB,M_SA,spatial_constrained,5,3,3,0.9775,0.5461497890295359,0.5899999999151917,0.6303,inner_oof,1.0,0.59,0.445107102394104,4.7895,-11.2646,12,400,9,"bio04,bio07,bio11,bio12,bio15,bio17,elevation,A1_dist_waterway,A2_waterway_order",1:3,78,26,0,400,0.6303,"{""subsample"": 0.9, ""n_estimators"": 300, ""min_child_weight"": 10, ""max_depth"": 3, ""learning_rate"": 0.05, ""colsample_bytree"": 1.0}"
XGB,M_SA,two_step,5,3,3,0.6822916666666666,0.08585140143771897,0.2974999999159229,0.705,inner_oof,1.0,0.2975,0.7275264859199524,2.1307,-10.1276,12,400,9,"bio04,bio07,bio11,bio12,bio15,bio17,elevation,A1_dist_waterway,A2_waterway_order",1:3,78,26,0,400,0.705,"{""subsample"": 0.7, ""n_estimators"": 200, ""min_child_weight"": 5, ""max_depth"": 5, ""learning_rate"": 0.1, ""colsample_bytree"": 1.0}"
XGB,M_SA,uncertainty_zone,5,3,3,0.9810416666666667,0.5911606911606911,0.6341666666086923,0.3749,inner_oof,0.6667,0.9675,0.025196237489581108,0.8508,-1.619,12,400,9,"bio04,bio07,bio11,bio12,bio15,bio17,elevation,A1_dist_waterway,A2_waterway_order",1:10,260,26,0,400,0.3749,"{""subsample"": 0.7, ""n_estimators"": 200, ""min_child_weight"": 1, ""max_depth"": 3, ""learning_rate"": 0.1, ""colsample_bytree"": 0.6}"
XGB,M_SP,random,5,3,3,0.9661458333333334,0.5295769160249358,0.14249999991631035,0.4926,inner_oof,1.0,0.1425,0.42700180411338806,6.5321,-15.9188,12,400,10,"bio04,bio07,bio11,bio12,bio15,bio17,elevation,P1_pop_density,P2_dist_road,P3_road_density",1:3,78,26,0,400,0.4926,"{""subsample"": 0.9, ""n_estimators"": 300, ""min_child_weight"": 10, ""max_depth"": 3, ""learning_rate"": 0.05, ""colsample_bytree"": 1.0}"
XGB,M_SP,spatial_constrained,5,3,3,0.9847916666666667,0.5489278752436647,0.014999999916629259,0.4424,inner_oof,1.0,0.015,0.4225165843963623,3.5763,-11.8328,12,400,10,"bio04,bio07,bio11,bio12,bio15,bio17,elevation,P1_pop_density,P2_dist_road,P3_road_density",1:3,78,26,0,400,0.4424,"{""subsample"": 0.7, ""n_estimators"": 200, ""min_child_weight"": 5, ""max_depth"": 5, ""learning_rate"": 0.1, ""colsample_bytree"": 1.0}"
XGB,M_SP,two_step,5,3,3,0.9898958333333334,0.6056397306397308,0.5349999999153292,0.7988,inner_oof,1.0,0.535,0.5319080352783203,5.5249,-19.6605,12,400,10,"bio04,bio07,bio11,bio12,bio15,bio17,elevation,P1_pop_density,P2_dist_road,P3_road_density",1:3,78,26,0,400,0.7988,"{""subsample"": 0.7, ""n_estimators"": 200, ""min_child_weight"": 5, ""max_depth"": 5, ""learning_rate"": 0.1, ""colsample_bytree"": 1.0}"
XGB,M_SP,uncertainty_zone,5,3,3,0.9830208333333333,0.6072316250577121,0.957499999914273,0.0735,inner_oof,1.0,0.9575,0.024612292647361755,0.6728,-2.0045,12,400,10,"bio04,bio07,bio11,bio12,bio15,bio17,elevation,P1_pop_density,P2_dist_road,P3_road_density",1:10,260,26,0,400,0.0735,"{""subsample"": 0.7, ""n_estimators"": 200, ""min_child_weight"": 1, ""max_depth"": 3, ""learning_rate"": 0.1, ""colsample_bytree"": 0.6}"
XGB,M_SAP,random,5,3,3,0.9575,0.4914251207729468,-8.333334022836425e-11,0.3647,inner_oof,1.0,0.0,0.37593019008636475,2.4834,-7.3989,12,400,11,"bio04,bio07,bio11,bio12,bio15,bio17,elevation,A1_dist_waterway,A2_waterway_order,P1_pop_density,P3_road_density",1:3,78,26,0,400,0.3647,"{""subsample"": 0.9, ""n_estimators"": 300, ""min_child_weight"": 10, ""max_depth"": 3, ""learning_rate"": 0.05, ""colsample_bytree"": 1.0}"
XGB,M_SAP,spatial_constrained,5,3,3,0.9883333333333334,0.5854166666666667,-8.333334022836425e-11,0.356,inner_oof,1.0,0.0,0.4235450327396393,4.4199,-10.436,12,400,11,"bio04,bio07,bio11,bio12,bio15,bio17,elevation,A1_dist_waterway,A2_waterway_order,P1_pop_density,P3_road_density",1:3,78,26,0,400,0.356,"{""subsample"": 0.9, ""n_estimators"": 300, ""min_child_weight"": 10, ""max_depth"": 3, ""learning_rate"": 0.05, ""colsample_bytree"": 1.0}"
XGB,M_SAP,two_step,5,3,3,0.9883333333333334,0.5833333333333333,0.13999999991631662,0.3633,inner_oof,1.0,0.14,0.5717222094535828,6.353,-22.6586,12,400,11,"bio04,bio07,bio11,bio12,bio15,bio17,elevation,A1_dist_waterway,A2_waterway_order,P1_pop_density,P3_road_density",1:3,78,26,0,400,0.3633,"{""subsample"": 0.7, ""n_estimators"": 200, ""min_child_weight"": 5, ""max_depth"": 5, ""learning_rate"": 0.1, ""colsample_bytree"": 1.0}"
XGB,M_SAP,uncertainty_zone,5,3,3,0.9925,0.8221308479532163,0.5733333332822472,0.8849,inner_oof,0.5833,0.99,0.020221233367919922,1.3132,-2.4367,12,400,11,"bio04,bio07,bio11,bio12,bio15,bio17,elevation,A1_dist_waterway,A2_waterway_order,P1_pop_density,P3_road_density",1:10,260,26,0,400,0.8849,"{""subsample"": 0.9, ""n_estimators"": 200, ""min_child_weight"": 5, ""max_depth"": 7, ""learning_rate"": 0.05, ""colsample_bytree"": 1.0}"
MXN,M_S,random,5,3,3,0.19770833333333335,0.019702133513932598,0.08749999991644786,0.4949,inner_oof,1.0,0.0875,0.5699729888161558,-1.0718,-2.553,12,400,7,"bio04,bio07,bio11,bio12,bio15,bio17,elevation",1:1,26,26,0,400,0.4949,"{""l1_ratio"": 0.5, ""C"": 0.05}"
MXN,M_S,spatial_constrained,5,3,3,0.09395833333333332,0.017482626313648518,0.0024999999166603892,0.5262,inner_oof,1.0,0.0025,0.9052363884054316,-0.936,-0.5118,12,400,7,"bio04,bio07,bio11,bio12,bio15,bio17,elevation",1:3,78,26,0,400,0.5262,"{""l1_ratio"": 1.0, ""C"": 0.1}"
MXN,M_S,two_step,5,3,3,0.079375,0.01732125007621143,0.012499999916635307,0.5345,inner_oof,1.0,0.0125,0.8191246742940826,-1.4562,-0.7901,12,400,7,"bio04,bio07,bio11,bio12,bio15,bio17,elevation",1:1,26,26,0,400,0.5345,"{""l1_ratio"": 0.5, ""C"": 0.05}"
MXN,M_S,uncertainty_zone,5,3,3,0.9983333333333333,0.9471500721500723,0.24999999997666666,0.7375,inner_oof,0.25,1.0,0.007937039132427468,3.9703,2.9296,12,400,7,"bio04,bio07,bio11,bio12,bio15,bio17,elevation",1:1,26,26,0,400,0.7375,"{""l1_ratio"": 1.0, ""C"": 0.5}"
MXN,M_SA,random,5,3,3,0.40520833333333334,0.02574492726421672,0.1624999999162604,0.4872,inner_oof,1.0,0.1625,0.4585685059474019,-0.2391,-3.3341,12,400,9,"bio04,bio07,bio11,bio12,bio15,bio17,elevation,A1_dist_waterway,A2_waterway_order",1:1,26,26,0,400,0.4872,"{""l1_ratio"": 0.5, ""C"": 0.05}"
MXN,M_SA,spatial_constrained,5,3,3,0.09520833333333333,0.017524352465192697,-8.333334022836425e-11,0.4536,inner_oof,1.0,0.0,0.9032923428380726,-0.9415,-0.5316,12,400,9,"bio04,bio07,bio11,bio12,bio15,bio17,elevation,A1_dist_waterway,A2_waterway_order",1:3,78,26,0,400,0.4536,"{""l1_ratio"": 1.0, ""C"": 0.1}"
MXN,M_SA,two_step,5,3,3,0.19479166666666667,0.01961808718873865,0.09249999991643532,0.5203,inner_oof,1.0,0.0925,0.7017298356476199,-0.6828,-2.4854,12,400,9,"bio04,bio07,bio11,bio12,bio15,bio17,elevation,A1_dist_waterway,A2_waterway_order",1:1,26,26,0,400,0.5203,"{""l1_ratio"": 0.5, ""C"": 0.05}"
MXN,M_SA,uncertainty_zone,5,3,3,0.9970833333333334,0.9234162895927603,0.4166666666294445,0.7698,inner_oof,0.4167,1.0,0.00935067180458034,0.7496,1.3869,12,400,9,"bio04,bio07,bio11,bio12,bio15,bio17,elevation,A1_dist_waterway,A2_waterway_order",1:5,130,26,0,400,0.7698,"{""l1_ratio"": 0.75, ""C"": 5.0}"
MXN,M_SP,random,5,3,3,0.26125,0.02081278654915151,0.10999999991639164,0.495,inner_oof,1.0,0.11,0.5188256466223664,-0.8616,-2.8375,12,400,10,"bio04,bio07,bio11,bio12,bio15,bio17,elevation,P1_pop_density,P2_dist_road,P3_road_density",1:1,26,26,0,400,0.495,"{""l1_ratio"": 0.5, ""C"": 0.05}"
MXN,M_SP,spatial_constrained,5,3,3,0.27125,0.021099917349448185,0.009999999916641578,0.6026,inner_oof,1.0,0.01,0.9046516142820888,-0.3578,-1.9807,12,400,10,"bio04,bio07,bio11,bio12,bio15,bio17,elevation,P1_pop_density,P2_dist_road,P3_road_density",1:3,78,26,0,400,0.6026,"{""l1_ratio"": 1.0, ""C"": 0.1}"
MXN,M_SP,two_step,5,3,3,0.05770833333333333,0.01691657060487918,0.012499999916635307,0.5641,inner_oof,1.0,0.0125,0.8322641839964074,-1.8235,-0.1975,12,400,10,"bio04,bio07,bio11,bio12,bio15,bio17,elevation,P1_pop_density,P2_dist_road,P3_road_density",1:1,26,26,0,400,0.5641,"{""l1_ratio"": 0.5, ""C"": 0.05}"
MXN,M_SP,uncertainty_zone,5,3,3,1.0,1.0,0.9949999999141792,0.2191,inner_oof,1.0,0.995,0.0025757657320344633,17.3114,-17.446,12,400,10,"bio04,bio07,bio11,bio12,bio15,bio17,elevation,P1_pop_density,P2_dist_road,P3_road_density",1:5,130,26,0,400,0.2191,"{""l1_ratio"": 0.5, ""C"": 5.0}"
MXN,M_SAP,random,5,3,3,0.33499999999999996,0.02858355656176953,0.007499999916647848,0.482,inner_oof,1.0,0.0075,0.8866214449114181,-0.2385,-2.4801,12,400,11,"bio04,bio07,bio11,bio12,bio15,bio17,elevation,A1_dist_waterway,A2_waterway_order,P1_pop_density,P3_road_density",1:3,78,26,0,400,0.482,"{""l1_ratio"": 1.0, ""C"": 0.1}"
MXN,M_SAP,spatial_constrained,5,3,3,0.25416666666666665,0.02033987250241308,0.014999999916629259,0.6683,inner_oof,1.0,0.015,0.9027702507873362,-0.3858,-1.9054,12,400,11,"bio04,bio07,bio11,bio12,bio15,bio17,elevation,A1_dist_waterway,A2_waterway_order,P1_pop_density,P3_road_density",1:3,78,26,0,400,0.6683,"{""l1_ratio"": 1.0, ""C"": 0.1}"
MXN,M_SAP,two_step,5,3,3,0.12583333333333332,0.017860792855747577,0.012499999916635307,0.7565,inner_oof,1.0,0.0125,0.9444523024986727,-0.3898,-1.0619,12,400,11,"bio04,bio07,bio11,bio12,bio15,bio17,elevation,A1_dist_waterway,A2_waterway_order,P1_pop_density,P3_road_density",1:1,26,26,0,400,0.7565,"{""l1_ratio"": 1.0, ""C"": 0.5}"
MXN,M_SAP,uncertainty_zone,5,3,3,1.0,1.0,0.749999999935,0.9613,inner_oof,0.75,1.0,0.002272026440393551,6.1371,-8.4687,12,400,11,"bio04,bio07,bio11,bio12,bio15,bio17,elevation,A1_dist_waterway,A2_waterway_order,P1_pop_density,P3_road_density",1:5,130,26,0,400,0.9613,"{""l1_ratio"": 0.5, ""C"": 5.0}"
